-- phpMyAdmin SQL Dump
-- version 3.2.2.1deb1
-- http://www.phpmyadmin.net
--
-- Host: localhost
-- Generation Time: Apr 01, 2010 at 02:56 PM
-- Server version: 5.1.37
-- PHP Version: 5.2.10-2ubuntu6.4

SET SQL_MODE="NO_AUTO_VALUE_ON_ZERO";


/*!40101 SET @OLD_CHARACTER_SET_CLIENT=@@CHARACTER_SET_CLIENT */;
/*!40101 SET @OLD_CHARACTER_SET_RESULTS=@@CHARACTER_SET_RESULTS */;
/*!40101 SET @OLD_COLLATION_CONNECTION=@@COLLATION_CONNECTION */;
/*!40101 SET NAMES utf8 */;

--
-- Database: `bpa2010`
--

-- --------------------------------------------------------

--
-- Table structure for table `address`
--

CREATE TABLE IF NOT EXISTS `address` (
  `id` bigint(20) unsigned NOT NULL AUTO_INCREMENT,
  `street` varchar(500) NOT NULL,
  `city` varchar(100) NOT NULL,
  `zip` varchar(10) NOT NULL,
  `state` char(2) NOT NULL,
  PRIMARY KEY (`id`)
) ENGINE=MyISAM  DEFAULT CHARSET=latin1 AUTO_INCREMENT=29 ;

--
-- Dumping data for table `address`
--

INSERT INTO `address` (`id`, `street`, `city`, `zip`, `state`) VALUES
(18, 'rty', 'rty', '45634', 'AK'),
(14, '9595 Julia Dr.', 'St. John', '46373', 'IN'),
(13, '4898 W. 84th Terr.', 'Crown Point', '46307', 'IN'),
(1, '1337 Geek Dr.', 'Pwnage County', '54321', 'IN'),
(17, '1423 Geek Dr.', 'St. John', '46373', 'IN'),
(19, '1523 Geek St.', 'Crown Point', '46307', 'IN'),
(20, '6338 Porter Place', 'Crown Point', '46307', 'IN'),
(21, '9001Fairbanks St.', 'Crown Point', '46307', 'IN'),
(22, '3421 Parker Ave.', 'Crown Point', '46307', 'IN'),
(23, '5229 ', 'Scranton', '18501', 'PA'),
(24, '251 Scranton Ave.', 'Scranton', '18501', 'PA'),
(28, '4898 W. 84th Terr.', 'Scranton', '46307', 'IN');

-- --------------------------------------------------------

--
-- Table structure for table `category`
--

CREATE TABLE IF NOT EXISTS `category` (
  `id` bigint(20) NOT NULL AUTO_INCREMENT,
  `name` varchar(100) NOT NULL,
  PRIMARY KEY (`id`),
  KEY `name` (`name`),
  FULLTEXT KEY `name_2` (`name`)
) ENGINE=MyISAM  DEFAULT CHARSET=latin1 AUTO_INCREMENT=260 ;

--
-- Dumping data for table `category`
--

INSERT INTO `category` (`id`, `name`) VALUES
(213, 'Mystery & Thrillers'),
(212, 'Literature & Fiction'),
(211, 'Home & Garden'),
(210, 'History'),
(209, 'Health, Mind & Body'),
(208, 'Entertainment'),
(207, 'Crafts & Hobbies'),
(206, 'Cooking, Food & Wine'),
(205, 'Computers & Internet'),
(204, 'Comics & Graphic Novels'),
(203, 'Christian Books'),
(202, 'Children''s Books'),
(201, 'Business & Investing'),
(200, 'Biographies & Memoirs'),
(199, 'Audiobooks'),
(198, 'Arts & Photography'),
(241, 'Religion & Spirituality'),
(172, 'Party Games'),
(171, 'Adventure'),
(170, 'Horror'),
(169, 'Politics'),
(168, 'Criminal Justice'),
(167, 'Law'),
(166, 'Antiques'),
(165, 'Real Estate'),
(164, 'Employment'),
(163, 'Career'),
(162, 'Bussiness/Marketing'),
(161, 'Travel'),
(160, 'Sports'),
(159, 'Pets'),
(254, 'Science Fiction'),
(253, 'Love'),
(252, 'Family'),
(251, 'Crime'),
(250, 'Comedy'),
(249, 'Travel'),
(248, 'Teens'),
(247, 'Textbooks'),
(245, 'Self-Help'),
(246, 'Sports'),
(244, 'Science Fiction & Fantasy'),
(243, 'Science'),
(242, 'Romance'),
(240, 'Reference'),
(239, 'Puzzles & Games'),
(238, 'Professional & Technical'),
(237, 'Politics'),
(236, 'Parenting & Families'),
(235, 'Outdoors & Nature'),
(234, 'Nonfiction'),
(233, 'Mystery & Thrillers'),
(232, 'Literature & Fiction'),
(231, 'Home & Garden'),
(230, 'History'),
(229, 'Health, Mind & Body'),
(228, 'Entertainment'),
(227, 'Crafts & Hobbies'),
(226, 'Cooking, Food & Wine'),
(225, 'Computers & Internet'),
(224, 'Comics & Graphic Novels'),
(223, 'Christian Books'),
(222, 'Children''s Books'),
(221, 'Business & Investing'),
(220, 'Biographies & Memoirs'),
(219, 'Audiobooks'),
(218, 'Arts & Photography'),
(255, 'Fantasy'),
(256, 'Current Events'),
(257, 'Travel'),
(258, ''),
(259, 'Dictionary');

-- --------------------------------------------------------

--
-- Table structure for table `checkout`
--

CREATE TABLE IF NOT EXISTS `checkout` (
  `id` bigint(20) unsigned NOT NULL AUTO_INCREMENT,
  `patron_id` bigint(20) unsigned NOT NULL,
  `media_id` bigint(20) unsigned NOT NULL,
  PRIMARY KEY (`id`),
  KEY `patron_id` (`patron_id`,`media_id`)
) ENGINE=MyISAM  DEFAULT CHARSET=latin1 AUTO_INCREMENT=139 ;

--
-- Dumping data for table `checkout`
--

INSERT INTO `checkout` (`id`, `patron_id`, `media_id`) VALUES
(133, 66, 2124),
(132, 67, 2125),
(134, 66, 2123),
(135, 65, 2120),
(136, 65, 2119);

-- --------------------------------------------------------

--
-- Table structure for table `format`
--

CREATE TABLE IF NOT EXISTS `format` (
  `id` bigint(20) unsigned NOT NULL AUTO_INCREMENT,
  `name` varchar(50) NOT NULL,
  PRIMARY KEY (`id`)
) ENGINE=MyISAM  DEFAULT CHARSET=latin1 AUTO_INCREMENT=11 ;

--
-- Dumping data for table `format`
--

INSERT INTO `format` (`id`, `name`) VALUES
(1, 'Paperback'),
(2, 'Magazine'),
(3, 'Periodical'),
(4, 'CD'),
(5, 'Tape'),
(6, 'DVD'),
(7, 'VHS'),
(8, 'BluRay'),
(9, 'Hardcover');

-- --------------------------------------------------------

--
-- Table structure for table `genre`
--

CREATE TABLE IF NOT EXISTS `genre` (
  `id` bigint(20) unsigned NOT NULL AUTO_INCREMENT,
  `name` varchar(100) NOT NULL,
  PRIMARY KEY (`id`)
) ENGINE=MyISAM  DEFAULT CHARSET=latin1 AUTO_INCREMENT=89 ;

--
-- Dumping data for table `genre`
--

INSERT INTO `genre` (`id`, `name`) VALUES
(8, 'Journalism'),
(7, 'Biography'),
(6, 'Essay'),
(5, 'Drama'),
(4, 'Poetry'),
(3, 'Reference'),
(2, 'Non-Fiction'),
(1, 'Fiction');

-- --------------------------------------------------------

--
-- Table structure for table `library`
--

CREATE TABLE IF NOT EXISTS `library` (
  `id` bigint(20) unsigned NOT NULL AUTO_INCREMENT,
  `address_id` bigint(20) unsigned NOT NULL,
  `name` varchar(500) NOT NULL,
  `code` char(4) NOT NULL,
  PRIMARY KEY (`id`),
  KEY `name` (`name`)
) ENGINE=MyISAM  DEFAULT CHARSET=latin1 AUTO_INCREMENT=2 ;

--
-- Dumping data for table `library`
--

INSERT INTO `library` (`id`, `address_id`, `name`, `code`) VALUES
(1, 1, 'Leet County Public Library', '1337');

-- --------------------------------------------------------

--
-- Table structure for table `media`
--

CREATE TABLE IF NOT EXISTS `media` (
  `id` bigint(20) unsigned NOT NULL AUTO_INCREMENT,
  `type_id` bigint(20) unsigned NOT NULL,
  `format_id` bigint(20) unsigned NOT NULL,
  `genre_id` bigint(20) NOT NULL,
  `library_id` bigint(20) unsigned NOT NULL,
  `title` varchar(1000) NOT NULL,
  `length` varchar(20) NOT NULL,
  `call_number` varchar(50) NOT NULL,
  `barcode` varchar(14) NOT NULL,
  `copyright` varchar(200) DEFAULT NULL,
  `description` varchar(1000) NOT NULL,
  `isbn` char(13) NOT NULL,
  `edition` varchar(40) NOT NULL,
  PRIMARY KEY (`id`),
  KEY `barcode` (`barcode`),
  FULLTEXT KEY `SearchIndex` (`description`,`title`)
) ENGINE=MyISAM  DEFAULT CHARSET=latin1 AUTO_INCREMENT=3079 ;

--
-- Dumping data for table `media`
--

INSERT INTO `media` (`id`, `type_id`, `format_id`, `genre_id`, `library_id`, `title`, `length`, `call_number`, `barcode`, `copyright`, `description`, `isbn`, `edition`) VALUES
(2117, 1, 1, 6, 1, 'Caprice', '644', '980.1842 Ron', '1133752741773', '2006', 'Lorem ipsum dolor sit amet.', '7680366370612', '1'),
(2118, 1, 1, 3, 1, 'Bouvard et Pécuchet', '463', '980.0527 Gus', '1133770745040', '2006', 'Lorem ipsum dolor sit amet.', '0668560036642', '1'),
(2115, 1, 1, 3, 1, 'Joseph Andrews', '73', '980.8588 Hen', '1133773471018', '2006', 'Lorem ipsum dolor sit amet.', '3072050704273', '1'),
(2116, 1, 1, 5, 1, 'Tom Jones', '105', '980.6403 Hen', '1133705448653', '2006', 'Lorem ipsum dolor sit amet.', '3620048535825', '1'),
(2113, 1, 1, 3, 1, 'Cheese', '228', '980.6327 Wil', '1133770335153', '2006', 'Lorem ipsum dolor sit amet.', '4865383525655', '1'),
(2114, 1, 1, 3, 1, 'Bridget Jones''s Diary', '713', '980.0678 Hel', '1133774217763', '2006', 'Lorem ipsum dolor sit amet.', '1564767241411', '1'),
(2111, 1, 1, 5, 1, 'The Commitments', '149', '980.2812 Rod', '1133746745820', '2006', 'Lorem ipsum dolor sit amet.', '4187254736042', '1'),
(2110, 1, 1, 4, 1, 'A Fairy Tale of New York', '316', '980.3207 JP ', '1133724377221', '2006', 'Lorem ipsum dolor sit amet.', '2626276213863', '1'),
(2108, 1, 1, 6, 1, 'Martin Chuzzlewit', '353', '980.3556 Cha', '1133741553473', '2006', 'Lorem ipsum dolor sit amet.', '1577864021352', '1'),
(2109, 1, 1, 1, 1, 'Jacques the Fatalist and his Master', '18', '980.5256 Den', '1133782486881', '2006', 'Lorem ipsum dolor sit amet.', '7626727111673', '1'),
(2107, 1, 1, 8, 1, 'The Pickwick Papers', '320', '980.5018 Cha', '1133771410216', '2006', 'Lorem ipsum dolor sit amet.', '6038748166774', '1'),
(2105, 1, 1, 2, 1, 'The Provincial Lady', '303', '980.5103 EM ', '1133700632320', '2006', 'Lorem ipsum dolor sit amet.', '3327728241433', '1'),
(2106, 1, 1, 1, 1, 'Slouching Towards Kalamazoo', '638', '980.8687 Pet', '1133764472187', '2006', 'Lorem ipsum dolor sit amet.', '6667086756474', '1'),
(2104, 1, 1, 3, 1, 'Just William', '709', '980.8638 Ric', '1133747128874', '2006', 'Lorem ipsum dolor sit amet.', '0481361205410', '1'),
(2102, 1, 1, 2, 1, 'Don Quixote', '335', '980.1270 Mig', '1133704224783', '2006', 'Lorem ipsum dolor sit amet.', '0130578234210', '1'),
(2103, 1, 1, 8, 1, 'The Case of the Gilded Fly', '716', '980.2363 Edm', '1133753560321', '2006', 'Lorem ipsum dolor sit amet.', '1047857251264', '1'),
(2101, 1, 1, 6, 1, 'The Horse''s Mouth', '411', '980.3476 Joy', '1133743285402', '2006', 'Lorem ipsum dolor sit amet.', '1770880015337', '1'),
(2099, 1, 1, 3, 1, 'The Hearing Trumpet', '440', '980.5036 Leo', '1133702287412', '2006', 'Lorem ipsum dolor sit amet.', '7346131076162', '1'),
(2100, 1, 1, 7, 1, 'Mister Johnson', '120', '980.6534 Joy', '1133751650000', '2006', 'Lorem ipsum dolor sit amet.', '0186324477454', '1'),
(2097, 1, 1, 6, 1, 'A Season in Sinji', '832', '980.7267 JL ', '1133788187128', '2006', 'Lorem ipsum dolor sit amet.', '3107521213341', '1'),
(2098, 1, 1, 2, 1, 'The Harpole Report', '280', '980.0067 JL ', '1133728276872', '2006', 'Lorem ipsum dolor sit amet.', '4406018315862', '1'),
(2096, 1, 1, 2, 1, 'Illywhacker', '747', '980.2212 Pet', '1133785364551', '2006', 'Lorem ipsum dolor sit amet.', '0260425184643', '1'),
(2094, 1, 1, 4, 1, 'The History Man', '186', '980.4060 Mal', '1133717510836', '2006', 'Lorem ipsum dolor sit amet.', '4822611538183', '1'),
(2095, 1, 1, 2, 1, 'No Bed for Bacon', '730', '980.5427 Car', '1133783864617', '2006', 'Lorem ipsum dolor sit amet.', '7464438875780', '1'),
(2093, 1, 1, 4, 1, 'A Good Man in Africa', '723', '980.0345 Wil', '1133782172367', '2006', 'Lorem ipsum dolor sit amet.', '1663581531332', '1'),
(2092, 1, 1, 6, 1, 'The Ascent of Rum Doodle', '604', '980.7452 WE ', '1133775380512', '2006', 'Lorem ipsum dolor sit amet.', '8432384167384', '1'),
(2091, 1, 1, 8, 1, 'Queen Lucia', '868', '980.1507 EF ', '1133766265031', '2006', 'Lorem ipsum dolor sit amet.', '3304005608421', '1'),
(2090, 1, 1, 5, 1, 'The Uncommon Reader', '554', '980.3108 Ala', '1133740625717', '2006', 'Lorem ipsum dolor sit amet.', '3773576672875', '1'),
(2089, 1, 1, 7, 1, 'The Adventures of Augie March', '135', '980.6743 Sau', '1133754475851', '2006', 'Lorem ipsum dolor sit amet.', '0121773407316', '1'),
(2080, 1, 1, 5, 1, 'Lucky Jim', '422', '980.5761 Kin', '1133747384026', '2006', 'Lorem ipsum dolor sit amet.', '0540622081458', '1'),
(2081, 1, 1, 3, 1, 'Money', '782', '980.4006 Mar', '1133732331770', '2006', 'Lorem ipsum dolor sit amet.', '7852370562204', '1'),
(2082, 1, 1, 5, 1, 'The Information', '214', '980.1416 Mar', '1133737137161', '2006', 'Lorem ipsum dolor sit amet.', '3383625472008', '1'),
(2083, 1, 1, 5, 1, 'The Bottle Factory Outing', '793', '980.2856 Ber', '1133710075256', '2006', 'Lorem ipsum dolor sit amet.', '6025206137263', '1'),
(3046, 1, 1, 5, 1, 'The Rings of Saturn', '583', '980.2780 WG ', '1133724511060', '2006', 'Lorem ipsum dolor sit amet.', '3113276782768', '1'),
(3044, 1, 1, 3, 1, 'The Hunters', '985', '980.8444 Jam', '1133714333421', '2006', 'Lorem ipsum dolor sit amet.', '4600143820245', '1'),
(3045, 1, 1, 1, 1, 'Ivanhoe', '49', '980.1543 Sir', '1133747161411', '2006', 'Lorem ipsum dolor sit amet.', '5158314333225', '1'),
(3043, 1, 1, 1, 1, 'Everything is Illuminated', '844', '980.8111 Jon', '1133740443063', '2006', 'Lorem ipsum dolor sit amet.', '1360576615306', '1'),
(3041, 1, 1, 4, 1, 'Sacaramouche', '927', '980.5076 Raf', '1133714050603', '2006', 'Lorem ipsum dolor sit amet.', '0470312233222', '1'),
(3042, 1, 1, 3, 1, 'Captain Blood', '44', '980.5112 Raf', '1133731050750', '2006', 'Lorem ipsum dolor sit amet.', '0366247541626', '1'),
(3040, 1, 1, 1, 1, 'The Devil to Pay in the Backlands', '740', '980.0511 Joa', '1133783401582', '2006', 'Lorem ipsum dolor sit amet.', '6738443535644', '1'),
(3038, 1, 1, 5, 1, 'Tintin in Tibet', '244', '980.7005 Geo', '1133751461387', '2006', 'Lorem ipsum dolor sit amet.', '4663816362833', '1'),
(3039, 1, 1, 4, 1, 'The Castafiore Emerald', '206', '980.7561 Geo', '1133778464806', '2006', 'Lorem ipsum dolor sit amet.', '6625641224451', '1'),
(3037, 1, 1, 8, 1, 'The Crab with the Golden Claws', '757', '980.8153 Geo', '1133715522654', '2006', 'Lorem ipsum dolor sit amet.', '8852007857528', '1'),
(3036, 1, 1, 8, 1, 'All Quiet on the Western Front', '307', '980.1426 Eri', '1133734457358', '2006', 'Lorem ipsum dolor sit amet.', '1460161356318', '1'),
(3035, 1, 1, 1, 1, 'The Surprising Adventures of Baron Munchausen', '449', '980.3773 Rud', '1133748600873', '2006', 'Lorem ipsum dolor sit amet.', '7306651103766', '1'),
(3034, 1, 1, 7, 1, 'Gravity''s Rainbow', '56', '980.3756 Tho', '1133705828862', '2006', 'Lorem ipsum dolor sit amet.', '0438267575156', '1'),
(3033, 1, 1, 3, 1, 'The Military Philosophers', '52', '980.2778 Ant', '1133707813100', '2006', 'Lorem ipsum dolor sit amet.', '0162548681875', '1'),
(3032, 1, 1, 3, 1, 'The Soldier''s Art', '313', '980.5370 Ant', '1133767356670', '2006', 'Lorem ipsum dolor sit amet.', '4816544048040', '1'),
(3031, 1, 1, 5, 1, 'The Valley of Bones', '850', '980.4545 Ant', '1133706822216', '2006', 'Lorem ipsum dolor sit amet.', '8108447034868', '1'),
(3030, 1, 1, 7, 1, 'Zen and the Art of Motorcycle Maintenance', '952', '980.3113 Rob', '1133768786608', '2006', 'Lorem ipsum dolor sit amet.', '4843584245651', '1'),
(3029, 1, 1, 8, 1, 'Burmese Days', '383', '980.8478 Geo', '1133708864774', '2006', 'Lorem ipsum dolor sit amet.', '0005614513585', '1'),
(3028, 1, 1, 3, 1, 'The Scarlet Pimpernel', '872', '980.8741 Bar', '1133757207503', '2006', 'Lorem ipsum dolor sit amet.', '3768161331583', '1'),
(3027, 1, 1, 3, 1, 'The Things They Carried', '449', '980.3512 Tim', '1133725565683', '2006', 'Lorem ipsum dolor sit amet.', '6515845583012', '1'),
(3026, 1, 1, 7, 1, 'Master and Commander', '957', '980.4318 Pat', '1133714400234', '2006', 'Lorem ipsum dolor sit amet.', '3053311461020', '1'),
(3025, 1, 1, 4, 1, 'The Sorrow of War', '865', '980.8281 Bao', '1133717533100', '2006', 'Lorem ipsum dolor sit amet.', '0687872680727', '1'),
(3024, 1, 1, 1, 1, 'Suite Francaise', '327', '980.8463 Ire', '1133766861040', '2006', 'Lorem ipsum dolor sit amet.', '7688444886076', '1'),
(3023, 1, 1, 3, 1, 'History', '631', '980.5075 Els', '1133726645404', '2006', 'Lorem ipsum dolor sit amet.', '0717728227037', '1'),
(3022, 1, 1, 3, 1, 'The Cruel Sea', '513', '980.5417 Nic', '1133737182510', '2006', 'Lorem ipsum dolor sit amet.', '5672677062310', '1'),
(3020, 1, 1, 6, 1, 'Moby-Dick or, The Whale', '469', '980.8306 Her', '1133704352752', '2006', 'Lorem ipsum dolor sit amet.', '1151656661188', '1'),
(3021, 1, 1, 2, 1, 'Tales of the South Pacific', '654', '980.3676 Jam', '1133745350615', '2006', 'Lorem ipsum dolor sit amet.', '2001234644433', '1'),
(3019, 1, 1, 1, 1, 'The Children of the New Forest', '424', '980.2650 Fre', '1133718402340', '2006', 'Lorem ipsum dolor sit amet.', '7271023801736', '1'),
(3017, 1, 1, 4, 1, 'Fortunes of War', '738', '980.5538 Oli', '1133724038756', '2006', 'Lorem ipsum dolor sit amet.', '6226131745863', '1'),
(3018, 1, 1, 8, 1, 'One Hundred Years of Solitude', '787', '980.1186 Gab', '1133777601650', '2006', 'Lorem ipsum dolor sit amet.', '5858750540215', '1'),
(3016, 1, 1, 6, 1, 'La Condition Humaine', '932', '980.1228 And', '1133705200707', '2006', 'Lorem ipsum dolor sit amet.', '1648010561341', '1'),
(3015, 1, 1, 3, 1, 'The Naked and the Dead', '275', '980.2521 Nor', '1133768573678', '2006', 'Lorem ipsum dolor sit amet.', '2134252707847', '1'),
(3014, 1, 1, 6, 1, 'Lonesome Dove', '737', '980.2220 Lar', '1133783776311', '2006', 'Lorem ipsum dolor sit amet.', '1306718185303', '1'),
(3013, 1, 1, 6, 1, 'The Mark of Zorro', '169', '980.6874 Joh', '1133774745633', '2006', 'Lorem ipsum dolor sit amet.', '2456835440034', '1'),
(3012, 1, 1, 8, 1, 'Blood Meridian', '774', '980.0836 Cor', '1133750555560', '2006', 'Lorem ipsum dolor sit amet.', '0705037212003', '1'),
(3011, 1, 1, 3, 1, 'All the Pretty Horses', '198', '980.8506 Cor', '1133710070308', '2006', 'Lorem ipsum dolor sit amet.', '7453144706252', '1'),
(3010, 1, 1, 8, 1, 'The Guns of Navarone', '585', '980.2761 Ali', '1133707656177', '2006', 'Lorem ipsum dolor sit amet.', '1512236330403', '1'),
(3009, 1, 1, 5, 1, 'The Call of the Wild', '689', '980.6525 Jac', '1133745823452', '2006', 'Lorem ipsum dolor sit amet.', '8683206033070', '1'),
(3008, 1, 1, 7, 1, 'If Not Now, When?', '81', '980.3352 Pri', '1133751106072', '2006', 'Lorem ipsum dolor sit amet.', '0073514372670', '1'),
(3007, 1, 1, 3, 1, 'The Painted Bird', '575', '980.3543 Jer', '1133766530061', '2006', 'Lorem ipsum dolor sit amet.', '3742070764705', '1'),
(3005, 1, 1, 1, 1, 'On the Road', '639', '980.6028 Jac', '1133750114330', '2006', 'Lorem ipsum dolor sit amet.', '4466663148041', '1'),
(3006, 1, 1, 1, 1, 'Darkness at Noon', '917', '980.1242 Art', '1133747425542', '2006', 'Lorem ipsum dolor sit amet.', '7135732108665', '1'),
(3004, 1, 1, 2, 1, 'Day', '645', '980.3806 AL ', '1133744736445', '2006', 'Lorem ipsum dolor sit amet.', '4847322460562', '1'),
(3002, 1, 1, 5, 1, 'Confederates', '698', '980.2085 Tho', '1133707517015', '2006', 'Lorem ipsum dolor sit amet.', '5270201402162', '1'),
(3003, 1, 1, 4, 1, 'Schindler''s Ark', '659', '980.7284 Tho', '1133700450702', '2006', 'Lorem ipsum dolor sit amet.', '3107568388248', '1'),
(3001, 1, 1, 5, 1, 'Andersonville', '753', '980.8472 Mac', '1133716454124', '2006', 'Lorem ipsum dolor sit amet.', '7884367435571', '1'),
(2999, 1, 1, 1, 1, 'Rasselas', '881', '980.5535 Sam', '1133732825833', '2006', 'Lorem ipsum dolor sit amet.', '2360218413665', '1'),
(3000, 1, 1, 4, 1, 'From Here to Eternity', '438', '980.0700 Jam', '1133750517210', '2006', 'Lorem ipsum dolor sit amet.', '4627145126487', '1'),
(2998, 1, 1, 6, 1, 'A High Wind in Jamaica', '841', '980.3800 Ric', '1133725670048', '2006', 'Lorem ipsum dolor sit amet.', '8453006276032', '1'),
(2997, 1, 1, 3, 1, 'The Kite Runner', '544', '980.1843 Kha', '1133725301416', '2006', 'Lorem ipsum dolor sit amet.', '1425058871374', '1'),
(2996, 1, 1, 4, 1, 'The Prisoner of Zenda', '843', '980.7422 Ant', '1133776538571', '2006', 'Lorem ipsum dolor sit amet.', '2347163153570', '1'),
(2995, 1, 1, 4, 1, 'For Whom the Bell Tolls', '898', '980.5314 Ern', '1133746687182', '2006', 'Lorem ipsum dolor sit amet.', '3582725466720', '1'),
(2994, 1, 1, 3, 1, 'The Good Soldier Svejk', '898', '980.8810 Jar', '1133752361428', '2006', 'Lorem ipsum dolor sit amet.', '1228774567511', '1'),
(2993, 1, 1, 2, 1, 'Enigma', '154', '980.2817 Rob', '1133738036776', '2006', 'Lorem ipsum dolor sit amet.', '3278848510144', '1'),
(2992, 1, 1, 6, 1, 'Covenant with Death', '487', '980.8424 Joh', '1133726582070', '2006', 'Lorem ipsum dolor sit amet.', '6705447750331', '1'),
(2991, 1, 1, 3, 1, 'The Slaves of Solitude', '64', '980.6158 Pat', '1133775463712', '2006', 'Lorem ipsum dolor sit amet.', '8221340606802', '1'),
(2990, 1, 1, 6, 1, 'She: A History of Adventure', '440', '980.5174 H R', '1133753472580', '2006', 'Lorem ipsum dolor sit amet.', '0236173520324', '1'),
(2989, 1, 1, 6, 1, 'King Solomon''s Mines', '289', '980.3846 H R', '1133777350355', '2006', 'Lorem ipsum dolor sit amet.', '4838752784128', '1'),
(2988, 1, 1, 8, 1, 'De Niro''s Game', '50', '980.3070 Raw', '1133701176887', '2006', 'Lorem ipsum dolor sit amet.', '8446137010416', '1'),
(2986, 1, 1, 7, 1, 'Count Belisarius', '493', '980.8466 Rob', '1133731741352', '2006', 'Lorem ipsum dolor sit amet.', '8378622034710', '1'),
(2987, 1, 1, 8, 1, 'Life and Fate', '932', '980.0056 Vas', '1133781636140', '2006', 'Lorem ipsum dolor sit amet.', '3152804035565', '1'),
(2985, 1, 1, 8, 1, 'The Tin Drum', '410', '980.6673 Gun', '1133733372187', '2006', 'Lorem ipsum dolor sit amet.', '7704664862333', '1'),
(2984, 1, 1, 2, 1, 'Asterix the Gaul', '250', '980.7884 Ren', '1133763208275', '2006', 'Lorem ipsum dolor sit amet.', '8631662286268', '1'),
(2982, 1, 1, 4, 1, 'The Beach', '837', '980.5765 Ale', '1133744503651', '2006', 'Lorem ipsum dolor sit amet.', '5636122124331', '1'),
(2983, 1, 1, 2, 1, 'To The Ends of the Earth trilogy', '822', '980.2420 Wil', '1133718850018', '2006', 'Lorem ipsum dolor sit amet.', '3776548753751', '1'),
(2981, 1, 1, 1, 1, 'Cold Mountain', '417', '980.5427 Cha', '1133776268736', '2006', 'Lorem ipsum dolor sit amet.', '1326788112510', '1'),
(2979, 1, 1, 1, 1, 'The Ship', '516', '980.7136 CS ', '1133746017456', '2006', 'Lorem ipsum dolor sit amet.', '0378711110272', '1'),
(2980, 1, 1, 4, 1, 'Flashman', '43', '980.5538 Geo', '1133744058742', '2006', 'Lorem ipsum dolor sit amet.', '8817876148156', '1'),
(2978, 1, 1, 8, 1, 'The African Queen', '771', '980.1185 CS ', '1133704387161', '2006', 'Lorem ipsum dolor sit amet.', '1377060576356', '1'),
(2977, 1, 1, 6, 1, 'Parade''s End', '160', '980.4561 For', '1133774336024', '2006', 'Lorem ipsum dolor sit amet.', '3471421481280', '1'),
(2975, 1, 1, 4, 1, 'The Siege of Krishnapur', '388', '980.1868 JG ', '1133762025113', '2006', 'Lorem ipsum dolor sit amet.', '8730523228364', '1'),
(2976, 1, 1, 6, 1, 'Birdsong', '257', '980.5567 Seb', '1133778252714', '2006', 'Lorem ipsum dolor sit amet.', '0772566762876', '1'),
(2974, 1, 1, 7, 1, 'The Bamboo Bed', '412', '980.3547 Wil', '1133750216114', '2006', 'Lorem ipsum dolor sit amet.', '0262662536746', '1'),
(2973, 1, 1, 6, 1, 'Justine', '91', '980.8258 Law', '1133744583456', '2006', 'Lorem ipsum dolor sit amet.', '7870862777438', '1'),
(2972, 1, 1, 5, 1, 'The Three Musketeers', '360', '980.8235 Ale', '1133742071805', '2006', 'Lorem ipsum dolor sit amet.', '2266116672842', '1'),
(2971, 1, 1, 1, 1, 'South Wind', '600', '980.0327 Nor', '1133778064578', '2006', 'Lorem ipsum dolor sit amet.', '2870736265157', '1'),
(2970, 1, 1, 2, 1, 'Three Soldiers', '485', '980.5470 Joh', '1133722145783', '2006', 'Lorem ipsum dolor sit amet.', '4566588120775', '1'),
(2969, 1, 1, 4, 1, 'Deliverance', '97', '980.4281 Jam', '1133722174826', '2006', 'Lorem ipsum dolor sit amet.', '0566251123401', '1'),
(2968, 1, 1, 5, 1, 'Bomber', '898', '980.2658 Len', '1133711081451', '2006', 'Lorem ipsum dolor sit amet.', '0173477287228', '1'),
(2967, 1, 1, 3, 1, 'Robinson Crusoe', '590', '980.2618 Dan', '1133704131342', '2006', 'Lorem ipsum dolor sit amet.', '5144635320638', '1'),
(2966, 1, 1, 5, 1, 'The Red Badge of Courage', '893', '980.4304 Ste', '1133705187073', '2006', 'Lorem ipsum dolor sit amet.', '2684215355321', '1'),
(2965, 1, 1, 1, 1, 'The History of Pompey the Little', '595', '980.6038 Fra', '1133701258631', '2006', 'Lorem ipsum dolor sit amet.', '7345547633566', '1'),
(2964, 1, 1, 6, 1, 'Sharpe''s Eagle', '320', '980.6147 Ber', '1133783488730', '2006', 'Lorem ipsum dolor sit amet.', '0776374745073', '1'),
(2963, 1, 1, 2, 1, 'Nostromo', '799', '980.2306 Jos', '1133743761641', '2006', 'Lorem ipsum dolor sit amet.', '2408230523415', '1'),
(2962, 1, 1, 2, 1, 'Lord Jim', '544', '980.1541 Jos', '1133760582273', '2006', 'Lorem ipsum dolor sit amet.', '1765057821608', '1'),
(2961, 1, 1, 7, 1, 'Heart of Darkness', '157', '980.0086 Jos', '1133728465886', '2006', 'Lorem ipsum dolor sit amet.', '5168064124425', '1'),
(2960, 1, 1, 2, 1, 'Monkey', '435', '980.8341 Wu ', '1133726335502', '2006', 'Lorem ipsum dolor sit amet.', '4373264322027', '1'),
(2959, 1, 1, 2, 1, 'Journey to the End of the Night', '448', '980.7371 Lou', '1133702524533', '2006', 'Lorem ipsum dolor sit amet.', '0107185041223', '1'),
(2958, 1, 1, 5, 1, 'One of Ours', '109', '980.3341 Wil', '1133771671234', '2006', 'Lorem ipsum dolor sit amet.', '4775380033773', '1'),
(2957, 1, 1, 1, 1, 'Auto-da-Fe', '466', '980.8185 Eli', '1133700517237', '2006', 'Lorem ipsum dolor sit amet.', '0057558260741', '1'),
(2956, 1, 1, 8, 1, 'Invisible Cities', '661', '980.7108 Ita', '1133741732280', '2006', 'Lorem ipsum dolor sit amet.', '2140608404737', '1'),
(2955, 1, 1, 5, 1, 'When the Wind Blows', '138', '980.3230 Ray', '1133727478861', '2006', 'Lorem ipsum dolor sit amet.', '3144238175051', '1'),
(2954, 1, 1, 1, 1, 'An Ice-Cream War', '591', '980.6206 Wil', '1133705206256', '2006', 'Lorem ipsum dolor sit amet.', '3356857007305', '1'),
(2953, 1, 1, 6, 1, 'The Sheltering Sky', '636', '980.4634 Pau', '1133741232184', '2006', 'Lorem ipsum dolor sit amet.', '2870277360528', '1'),
(2952, 1, 1, 1, 1, 'The Savage Detectives', '722', '980.0468 Rob', '1133770110854', '2006', 'Lorem ipsum dolor sit amet.', '6315677372774', '1'),
(2951, 1, 1, 8, 1, 'Carrie''s War', '694', '980.4745 Nin', '1133775883604', '2006', 'Lorem ipsum dolor sit amet.', '0847716255845', '1'),
(2949, 1, 1, 8, 1, 'A Long Long Way', '623', '980.2744 Seb', '1133778606231', '2006', 'Lorem ipsum dolor sit amet.', '2051348444646', '1'),
(2950, 1, 1, 7, 1, 'Fair Stood the Wind for France', '278', '980.0857 HE ', '1133773174056', '2006', 'Lorem ipsum dolor sit amet.', '7763408685478', '1'),
(2948, 1, 1, 4, 1, 'Regeneration', '184', '980.5600 Pat', '1133735051501', '2006', 'Lorem ipsum dolor sit amet.', '1646230818154', '1'),
(2947, 1, 1, 6, 1, 'Empire of the Sun', '661', '980.3413 JG ', '1133715147886', '2006', 'Lorem ipsum dolor sit amet.', '0366746463041', '1'),
(2945, 1, 1, 7, 1, 'Master Georgie', '166', '980.2358 Ber', '1133715537250', '2006', 'Lorem ipsum dolor sit amet.', '2306015565658', '1'),
(2946, 1, 1, 2, 1, 'Darkness Falls from the Air', '300', '980.8874 Nig', '1133742003880', '2006', 'Lorem ipsum dolor sit amet.', '5604472355558', '1'),
(2944, 1, 1, 2, 1, 'Death of a Hero', '573', '980.1382 Ric', '1133704668473', '2006', 'Lorem ipsum dolor sit amet.', '8345350305416', '1'),
(2942, 1, 1, 3, 1, 'La Bete Humaine', '78', '980.6521 Emi', '1133751101606', '2006', 'Lorem ipsum dolor sit amet.', '4303022102123', '1'),
(2943, 1, 1, 8, 1, 'Silver Stallion', '19', '980.2356 Jun', '1133734437547', '2006', 'Lorem ipsum dolor sit amet.', '8574613517842', '1'),
(2941, 1, 1, 8, 1, 'Germinal', '391', '980.6641 Emi', '1133711500051', '2006', 'Lorem ipsum dolor sit amet.', '1700000853580', '1'),
(2940, 1, 1, 6, 1, 'The Bonfire of the Vanities', '11', '980.6440 Tom', '1133712856642', '2006', 'Lorem ipsum dolor sit amet.', '0268421182338', '1'),
(2939, 1, 1, 8, 1, 'The House of Mirth', '929', '980.2482 Edi', '1133736707222', '2006', 'Lorem ipsum dolor sit amet.', '3552261674068', '1'),
(2938, 1, 1, 5, 1, 'The Return of the Soldier', '91', '980.8781 Reb', '1133751333653', '2006', 'Lorem ipsum dolor sit amet.', '4878683253142', '1'),
(2937, 1, 1, 3, 1, 'The Day of the Locust', '321', '980.6436 Nat', '1133776281705', '2006', 'Lorem ipsum dolor sit amet.', '5128346055785', '1'),
(2936, 1, 1, 6, 1, 'Trainspotting', '42', '980.5758 Irv', '1133706866826', '2006', 'Lorem ipsum dolor sit amet.', '4836828857166', '1'),
(2935, 1, 1, 4, 1, 'Billy Liar', '5', '980.4007 Kei', '1133742304363', '2006', 'Lorem ipsum dolor sit amet.', '2576504167667', '1'),
(2934, 1, 1, 8, 1, 'Z', '845', '980.6134 Vas', '1133704673337', '2006', 'Lorem ipsum dolor sit amet.', '6202156100088', '1'),
(2933, 1, 1, 6, 1, 'Couples', '743', '980.6674 Joh', '1133714453756', '2006', 'Lorem ipsum dolor sit amet.', '2581812707546', '1'),
(2932, 1, 1, 3, 1, 'The Adventures of Tom Sawyer', '777', '980.6275 Mar', '1133780877465', '2006', 'Lorem ipsum dolor sit amet.', '8721362603373', '1'),
(2931, 1, 1, 7, 1, 'The Way We Live Now', '869', '980.0627 Ant', '1133766838045', '2006', 'Lorem ipsum dolor sit amet.', '4107683328561', '1'),
(2930, 1, 1, 3, 1, 'The Last Chronicle of Barset', '625', '980.1837 Ant', '1133767252581', '2006', 'Lorem ipsum dolor sit amet.', '8716873303310', '1'),
(2929, 1, 1, 6, 1, 'The Ragged Trousered Philanthropists', '847', '980.5008 Rob', '1133751183716', '2006', 'Lorem ipsum dolor sit amet.', '5608208428247', '1'),
(2928, 1, 1, 6, 1, 'Vanity Fair', '193', '980.6143 Wil', '1133718517544', '2006', 'Lorem ipsum dolor sit amet.', '3240510208714', '1'),
(2927, 1, 1, 1, 1, 'The Home and the World', '682', '980.1084 Rab', '1133734828060', '2006', 'Lorem ipsum dolor sit amet.', '6644746303702', '1'),
(2926, 1, 1, 1, 1, 'The Red Room', '550', '980.7448 Aug', '1133720333270', '2006', 'Lorem ipsum dolor sit amet.', '6586566462186', '1'),
(2925, 1, 1, 7, 1, 'This Sporting Life', '501', '980.3142 Dav', '1133717410361', '2006', 'Lorem ipsum dolor sit amet.', '4215535335821', '1'),
(2924, 1, 1, 1, 1, 'The Red and the Black', '641', '980.0468 Ste', '1133731130368', '2006', 'Lorem ipsum dolor sit amet.', '1324007847346', '1'),
(2923, 1, 1, 4, 1, 'The Grapes of Wrath', '217', '980.0542 Joh', '1133735770350', '2006', 'Lorem ipsum dolor sit amet.', '2324604561355', '1'),
(2922, 1, 1, 5, 1, 'One Day in the Life of Ivan Denisovtich', '620', '980.1630 Ale', '1133747626422', '2006', 'Lorem ipsum dolor sit amet.', '6354726247144', '1'),
(2921, 1, 1, 5, 1, 'White Teeth', '769', '980.2354 Zad', '1133737263612', '2006', 'Lorem ipsum dolor sit amet.', '7566710546228', '1'),
(2920, 1, 1, 6, 1, 'Novel on Yellow Paper', '22', '980.8281 Ste', '1133737408165', '2006', 'Lorem ipsum dolor sit amet.', '0614241068187', '1'),
(2918, 1, 1, 7, 1, 'Saturday Night and Sunday Morning', '585', '980.4386 Ala', '1133718102363', '2006', 'Lorem ipsum dolor sit amet.', '5575878174817', '1'),
(2919, 1, 1, 2, 1, 'The Jungle', '501', '980.1352 Upt', '1133778747723', '2006', 'Lorem ipsum dolor sit amet.', '1152288778818', '1'),
(2917, 1, 1, 6, 1, 'Richshaw Boy', '218', '980.0617 Lao', '1133752785743', '2006', 'Lorem ipsum dolor sit amet.', '3770076487664', '1'),
(2915, 1, 1, 2, 1, 'God''s Bit of Wood', '179', '980.0081 Ous', '1133765631462', '2006', 'Lorem ipsum dolor sit amet.', '1044621158781', '1'),
(2916, 1, 1, 2, 1, 'The Case of Comrade Tulayev', '265', '980.8526 Vic', '1133787864518', '2006', 'Lorem ipsum dolor sit amet.', '8723070662748', '1'),
(2914, 1, 1, 5, 1, 'The Lonely Londoners', '864', '980.2642 Sam', '1133763784384', '2006', 'Lorem ipsum dolor sit amet.', '4538054527660', '1'),
(2913, 1, 1, 8, 1, 'Last Exit to Brooklyn', '894', '980.0230 Hub', '1133722662630', '2006', 'Lorem ipsum dolor sit amet.', '7225513538142', '1'),
(2912, 1, 1, 6, 1, 'Staying On', '286', '980.7156 Pau', '1133760436618', '2006', 'Lorem ipsum dolor sit amet.', '0500435226676', '1'),
(2910, 1, 1, 8, 1, 'Shame', '491', '980.6222 Sal', '1133768036487', '2006', 'Lorem ipsum dolor sit amet.', '6046307525632', '1'),
(2911, 1, 1, 1, 1, 'To Each his Own', '809', '980.3120 Leo', '1133785061613', '2006', 'Lorem ipsum dolor sit amet.', '6743338570822', '1'),
(2909, 1, 1, 6, 1, 'Midnight''s Children', '128', '980.1375 Sal', '1133731506314', '2006', 'Lorem ipsum dolor sit amet.', '6356843233855', '1'),
(2907, 1, 1, 6, 1, 'American Pastoral', '204', '980.3055 Phi', '1133762287550', '2006', 'Lorem ipsum dolor sit amet.', '3225577278325', '1'),
(2908, 1, 1, 3, 1, 'The Human Stain', '344', '980.0284 Phi', '1133775826140', '2006', 'Lorem ipsum dolor sit amet.', '7386682701201', '1'),
(2906, 1, 1, 6, 1, 'The Radetzky March', '192', '980.0662 Jos', '1133768347567', '2006', 'Lorem ipsum dolor sit amet.', '1234607550836', '1'),
(2904, 1, 1, 4, 1, 'Afternoon Men', '627', '980.3731 Ant', '1133727584083', '2006', 'Lorem ipsum dolor sit amet.', '4263481528518', '1'),
(2905, 1, 1, 3, 1, 'Vineland', '169', '980.0152 Tho', '1133700266581', '2006', 'Lorem ipsum dolor sit amet.', '8132738777278', '1'),
(2902, 1, 1, 7, 1, 'GB84', '866', '980.3183 Dav', '1133762430486', '2006', 'Lorem ipsum dolor sit amet.', '0848213626582', '1'),
(2903, 1, 1, 8, 1, 'Headlong Hall', '146', '980.4284 Tho', '1133755786758', '2006', 'Lorem ipsum dolor sit amet.', '0827320457210', '1'),
(2901, 1, 1, 7, 1, 'The Moon and the Bonfire', '838', '980.6840 Ces', '1133720110600', '2006', 'Lorem ipsum dolor sit amet.', '4111312312174', '1'),
(2900, 1, 1, 2, 1, 'Cry, the Beloved Country', '690', '980.0282 Ala', '1133784725356', '2006', 'Lorem ipsum dolor sit amet.', '3551547222272', '1'),
(2898, 1, 1, 4, 1, 'Animal Farm', '180', '980.5185 Geo', '1133731342520', '2006', 'Lorem ipsum dolor sit amet.', '6717763283234', '1'),
(2899, 1, 1, 4, 1, 'The Ragazzi Pier', '86', '980.0425 Pao', '1133771344150', '2006', 'Lorem ipsum dolor sit amet.', '3613065663547', '1'),
(2897, 1, 1, 3, 1, 'Personality', '65', '980.8857 And', '1133755406673', '2006', 'Lorem ipsum dolor sit amet.', '4687502543386', '1'),
(2895, 1, 1, 1, 1, 'A Bend in the River', '343', '980.3521 VS ', '1133710866814', '2006', 'Lorem ipsum dolor sit amet.', '6428848633365', '1'),
(2896, 1, 1, 8, 1, 'McTeague', '632', '980.2850 Fra', '1133712807314', '2006', 'Lorem ipsum dolor sit amet.', '6238070454107', '1'),
(2894, 1, 1, 7, 1, 'The Time of Indifference', '905', '980.8375 Alb', '1133717850581', '2006', 'Lorem ipsum dolor sit amet.', '2656361220587', '1'),
(2893, 1, 1, 5, 1, 'A Fine Balance', '468', '980.2126 Roh', '1133771331302', '2006', 'Lorem ipsum dolor sit amet.', '1523810701400', '1'),
(2891, 1, 1, 2, 1, 'The Betrothed', '292', '980.1661 Ale', '1133770876465', '2006', 'Lorem ipsum dolor sit amet.', '8443442613607', '1'),
(2892, 1, 1, 2, 1, 'Bel-Ami', '148', '980.3621 Guy', '1133771677226', '2006', 'Lorem ipsum dolor sit amet.', '4202677602074', '1'),
(2890, 1, 1, 8, 1, 'The Magic Mountain', '33', '980.4673 Tho', '1133783462166', '2006', 'Lorem ipsum dolor sit amet.', '3524618143786', '1'),
(2888, 1, 1, 1, 1, 'Of Love & Hunger', '388', '980.0830 Jul', '1133773687375', '2006', 'Lorem ipsum dolor sit amet.', '5558605722350', '1'),
(2889, 1, 1, 1, 1, 'Remembering Babylon', '679', '980.1088 Dav', '1133703262165', '2006', 'Lorem ipsum dolor sit amet.', '5316622651337', '1'),
(2887, 1, 1, 3, 1, 'The Posthumous Memoirs of Bras Cubas', '863', '980.3582 Joa', '1133711813852', '2006', 'Lorem ipsum dolor sit amet.', '7610840171480', '1'),
(2885, 1, 1, 7, 1, 'The Group', '808', '980.1784 Mar', '1133758648638', '2006', 'Lorem ipsum dolor sit amet.', '4607505187156', '1'),
(2886, 1, 1, 3, 1, 'Amongst Women', '534', '980.3512 Joh', '1133708665234', '2006', 'Lorem ipsum dolor sit amet.', '0788362073257', '1'),
(2884, 1, 1, 5, 1, 'Absolute Beginners', '472', '980.3522 Col', '1133742888552', '2006', 'Lorem ipsum dolor sit amet.', '1508807204655', '1'),
(2882, 1, 1, 1, 1, 'Elmer Gantry', '47', '980.2111 Sin', '1133735172533', '2006', 'Lorem ipsum dolor sit amet.', '6657034404201', '1'),
(2883, 1, 1, 8, 1, 'Main Street', '206', '980.7348 Sin', '1133723576083', '2006', 'Lorem ipsum dolor sit amet.', '1076712566742', '1'),
(2881, 1, 1, 4, 1, 'Babbitt', '636', '980.4763 Sin', '1133780348343', '2006', 'Lorem ipsum dolor sit amet.', '6162003010024', '1'),
(2879, 1, 1, 4, 1, 'Passing', '177', '980.1208 Nel', '1133767806378', '2006', 'Lorem ipsum dolor sit amet.', '8572164123388', '1'),
(2880, 1, 1, 3, 1, 'The Grass is Singing', '210', '980.2728 Dor', '1133716144422', '2006', 'Lorem ipsum dolor sit amet.', '0501744762170', '1'),
(2878, 1, 1, 7, 1, 'A Girl in Winter', '806', '980.5584 Phi', '1133720275701', '2006', 'Lorem ipsum dolor sit amet.', '7373571742263', '1'),
(2877, 1, 1, 2, 1, 'The Leopard', '802', '980.3327 Giu', '1133733025868', '2006', 'Lorem ipsum dolor sit amet.', '3585574313558', '1'),
(2875, 1, 1, 8, 1, 'Chronicle in Stone', '24', '980.8783 Ism', '1133758887111', '2006', 'Lorem ipsum dolor sit amet.', '4245184827845', '1'),
(2876, 1, 1, 6, 1, 'How Late it Was, How Late', '257', '980.8535 Jam', '1133788613037', '2006', 'Lorem ipsum dolor sit amet.', '6227360053711', '1'),
(2874, 1, 1, 5, 1, 'Goodbye to Berlin', '886', '980.8554 Chr', '1133700278570', '2006', 'Lorem ipsum dolor sit amet.', '7307126383368', '1'),
(2872, 1, 1, 6, 1, 'South Riding', '97', '980.1057 Win', '1133717183222', '2006', 'Lorem ipsum dolor sit amet.', '1685388606382', '1'),
(2873, 1, 1, 8, 1, 'Les Miserables', '456', '980.6625 Vic', '1133748323616', '2006', 'Lorem ipsum dolor sit amet.', '6733366448430', '1'),
(2870, 1, 1, 3, 1, 'A Kestrel for a Knave', '669', '980.7254 Bar', '1133731547755', '2006', 'Lorem ipsum dolor sit amet.', '5035842645835', '1'),
(2871, 1, 1, 7, 1, 'The Line of Beauty', '545', '980.8800 Ala', '1133737233810', '2006', 'Lorem ipsum dolor sit amet.', '5542100732846', '1'),
(2869, 1, 1, 5, 1, 'The Mayor of Casterbridge', '600', '980.5020 Tho', '1133770454815', '2006', 'Lorem ipsum dolor sit amet.', '7444578788332', '1'),
(2868, 1, 1, 5, 1, 'Love on the Dole', '443', '980.1383 Wal', '1133754856728', '2006', 'Lorem ipsum dolor sit amet.', '3215253254234', '1'),
(2867, 1, 1, 8, 1, 'Lanark', '728', '980.5853 Ala', '1133724561454', '2006', 'Lorem ipsum dolor sit amet.', '2463555838142', '1'),
(2865, 1, 1, 1, 1, 'July''s People', '962', '980.6535 Nad', '1133715256011', '2006', 'Lorem ipsum dolor sit amet.', '5377587137377', '1'),
(2866, 1, 1, 4, 1, 'Mother', '405', '980.7646 Max', '1133760250703', '2006', 'Lorem ipsum dolor sit amet.', '1170343431342', '1'),
(2864, 1, 1, 8, 1, 'New Grub Street', '397', '980.3638 Geo', '1133745325414', '2006', 'Lorem ipsum dolor sit amet.', '8487586682673', '1'),
(2862, 1, 1, 5, 1, 'The Counterfeiters', '604', '980.2534 And', '1133726488783', '2006', 'Lorem ipsum dolor sit amet.', '2872682273107', '1'),
(2863, 1, 1, 2, 1, 'The Odd Women', '690', '980.0765 Geo', '1133738848677', '2006', 'Lorem ipsum dolor sit amet.', '1628208674184', '1'),
(2861, 1, 1, 7, 1, 'North and South', '761', '980.0055 Eli', '1133740810828', '2006', 'Lorem ipsum dolor sit amet.', '3130334721051', '1'),
(2860, 1, 1, 8, 1, 'Cranford', '442', '980.7113 Eli', '1133765355757', '2006', 'Lorem ipsum dolor sit amet.', '8174822154572', '1'),
(2859, 1, 1, 7, 1, 'The Recognitions', '599', '980.4602 Wil', '1133746650576', '2006', 'Lorem ipsum dolor sit amet.', '8468522571481', '1'),
(2858, 1, 1, 5, 1, 'The Corrections', '610', '980.5886 Jon', '1133702703138', '2006', 'Lorem ipsum dolor sit amet.', '3632421122341', '1'),
(2857, 1, 1, 4, 1, 'A Passage to India', '661', '980.2024 EM ', '1133744360648', '2006', 'Lorem ipsum dolor sit amet.', '3460068647318', '1'),
(2856, 1, 1, 4, 1, 'Independence Day', '504', '980.5215 Ric', '1133722835607', '2006', 'Lorem ipsum dolor sit amet.', '3050463625640', '1'),
(2855, 1, 1, 7, 1, 'Effi Briest', '522', '980.0578 The', '1133787253788', '2006', 'Lorem ipsum dolor sit amet.', '8272834860876', '1'),
(2854, 1, 1, 8, 1, 'Sentimental Education', '111', '980.6875 Gus', '1133760513037', '2006', 'Lorem ipsum dolor sit amet.', '8764256251227', '1'),
(2853, 1, 1, 6, 1, 'The Invisible Man', '853', '980.2880 Ral', '1133755765681', '2006', 'Lorem ipsum dolor sit amet.', '5510366858040', '1'),
(2852, 1, 1, 4, 1, 'Silas Marner', '360', '980.8136 Geo', '1133722142415', '2006', 'Lorem ipsum dolor sit amet.', '8302265184650', '1'),
(2850, 1, 1, 6, 1, 'Castle Rackrent', '167', '980.4406 Mar', '1133752066257', '2006', 'Lorem ipsum dolor sit amet.', '2241648585507', '1'),
(2851, 1, 1, 5, 1, 'Middlemarch', '807', '980.1522 Geo', '1133723807640', '2006', 'Lorem ipsum dolor sit amet.', '5884014768606', '1'),
(2849, 1, 1, 5, 1, 'Sister Carrie', '133', '980.1233 The', '1133767327578', '2006', 'Lorem ipsum dolor sit amet.', '2483564044504', '1'),
(2847, 1, 1, 1, 1, 'The Idiot', '222', '980.3517 Fyo', '1133785211560', '2006', 'Lorem ipsum dolor sit amet.', '4630268335543', '1'),
(2848, 1, 1, 7, 1, 'USA', '280', '980.2185 Joh', '1133704431782', '2006', 'Lorem ipsum dolor sit amet.', '6704487621245', '1'),
(2845, 1, 1, 4, 1, 'The Book of Daniel', '819', '980.2213 EL ', '1133718482011', '2006', 'Lorem ipsum dolor sit amet.', '3270056125346', '1'),
(2846, 1, 1, 3, 1, 'Notes from the Underground', '626', '980.5375 Fyo', '1133778178745', '2006', 'Lorem ipsum dolor sit amet.', '3886676723548', '1'),
(2844, 1, 1, 8, 1, 'Berlin Alexanderplatz', '148', '980.8830 Alf', '1133780237701', '2006', 'Lorem ipsum dolor sit amet.', '2178038847256', '1'),
(2842, 1, 1, 1, 1, 'Play It As It Lays', '150', '980.6001 Joa', '1133784452728', '2006', 'Lorem ipsum dolor sit amet.', '5776854535151', '1'),
(2843, 1, 1, 1, 1, 'Sybil or The Two Nations', '744', '980.5450 Ben', '1133751012614', '2006', 'Lorem ipsum dolor sit amet.', '8886166346633', '1'),
(2840, 1, 1, 7, 1, 'Little Dorritt', '360', '980.1824 Cha', '1133740520577', '2006', 'Lorem ipsum dolor sit amet.', '7865438588578', '1'),
(2841, 1, 1, 1, 1, 'Oliver Twist', '501', '980.5422 Cha', '1133727420137', '2006', 'Lorem ipsum dolor sit amet.', '8852100518501', '1'),
(2838, 1, 1, 8, 1, 'Dombey and Son', '132', '980.8082 Cha', '1133755151130', '2006', 'Lorem ipsum dolor sit amet.', '0116735876366', '1'),
(2839, 1, 1, 8, 1, 'Hard Times', '950', '980.2324 Cha', '1133734018334', '2006', 'Lorem ipsum dolor sit amet.', '8742702116686', '1'),
(2837, 1, 1, 3, 1, 'Bleak House', '743', '980.4213 Cha', '1133724012036', '2006', 'Lorem ipsum dolor sit amet.', '2556031551763', '1'),
(2835, 1, 1, 2, 1, 'White Noise', '94', '980.3250 Don', '1133734058554', '2006', 'Lorem ipsum dolor sit amet.', '6064475054532', '1'),
(2836, 1, 1, 8, 1, 'A Tale of Two Cities', '373', '980.7383 Cha', '1133717081727', '2006', 'Lorem ipsum dolor sit amet.', '3705700851803', '1'),
(2834, 1, 1, 1, 1, 'Underworld', '294', '980.0403 Don', '1133705600703', '2006', 'Lorem ipsum dolor sit amet.', '3732486660685', '1'),
(2832, 1, 1, 5, 1, 'Microserfs', '0', '980.3838 Dou', '1133783858854', '2006', 'Lorem ipsum dolor sit amet.', '5835435568722', '1'),
(2833, 1, 1, 5, 1, 'Moll Flanders', '911', '980.6364 Dan', '1133741867305', '2006', 'Lorem ipsum dolor sit amet.', '3256634031815', '1'),
(2831, 1, 1, 7, 1, 'Waiting for the Barbarians', '535', '980.8445 JM ', '1133762465041', '2006', 'Lorem ipsum dolor sit amet.', '0452868456076', '1'),
(2829, 1, 1, 1, 1, 'What a Carve Up!', '959', '980.4783 Jon', '1133744416061', '2006', 'Lorem ipsum dolor sit amet.', '8726164040173', '1'),
(2830, 1, 1, 6, 1, 'Disgrace', '991', '980.6661 JM ', '1133758063175', '2006', 'Lorem ipsum dolor sit amet.', '7406332843432', '1'),
(2828, 1, 1, 8, 1, 'The Kingdom of this World', '628', '980.4043 Ale', '1133707034834', '2006', 'Lorem ipsum dolor sit amet.', '1615650634630', '1'),
(2826, 1, 1, 3, 1, 'Tobacco Road', '933', '980.4817 Ers', '1133763376818', '2006', 'Lorem ipsum dolor sit amet.', '4865217276557', '1'),
(2827, 1, 1, 4, 1, 'The Plague', '612', '980.3375 Alb', '1133745365417', '2006', 'Lorem ipsum dolor sit amet.', '3580187421888', '1'),
(2825, 1, 1, 8, 1, 'The Virgin in the Garden', '662', '980.2178 AS ', '1133748547045', '2006', 'Lorem ipsum dolor sit amet.', '8818100153105', '1'),
(2824, 1, 1, 3, 1, 'Earthly Powers', '896', '980.3202 Ant', '1133706703717', '2006', 'Lorem ipsum dolor sit amet.', '1360422483145', '1'),
(2823, 1, 1, 3, 1, 'Shirley', '456', '980.8282 Cha', '1133738468410', '2006', 'Lorem ipsum dolor sit amet.', '6542001887518', '1'),
(2822, 1, 1, 7, 1, 'A Dry White Season', '670', '980.7074 And', '1133730352612', '2006', 'Lorem ipsum dolor sit amet.', '4536060617120', '1'),
(2821, 1, 1, 6, 1, 'Room at the Top', '52', '980.2661 Joh', '1133752803338', '2006', 'Lorem ipsum dolor sit amet.', '5482141750667', '1'),
(2820, 1, 1, 8, 1, 'The Last September', '355', '980.4371 Eli', '1133727104316', '2006', 'Lorem ipsum dolor sit amet.', '5735650756252', '1'),
(2819, 1, 1, 6, 1, 'Clayhanger', '11', '980.5601 Arn', '1133711436415', '2006', 'Lorem ipsum dolor sit amet.', '4887286452010', '1'),
(2818, 1, 1, 3, 1, 'Oroonoko, or The Royal Slave', '45', '980.0285 Aph', '1133752361367', '2006', 'Lorem ipsum dolor sit amet.', '0565253457633', '1'),
(2817, 1, 1, 6, 1, 'Uncle Tom''s Cabin', '107', '980.4055 Har', '1133700587533', '2006', 'Lorem ipsum dolor sit amet.', '3577506124554', '1'),
(2816, 1, 1, 6, 1, 'A Kind of Loving', '150', '980.7085 Sta', '1133735517563', '2006', 'Lorem ipsum dolor sit amet.', '6707584222555', '1'),
(2815, 1, 1, 7, 1, 'They Were Counted', '51', '980.2551 Mik', '1133717638141', '2006', 'Lorem ipsum dolor sit amet.', '4278061462776', '1'),
(2814, 1, 1, 8, 1, 'La Comedie Humaine', '162', '980.4271 Hon', '1133742502117', '2006', 'Lorem ipsum dolor sit amet.', '0482172766135', '1'),
(2813, 1, 1, 2, 1, 'Go Tell it on the Mountain', '935', '980.5211 Jam', '1133720873175', '2006', 'Lorem ipsum dolor sit amet.', '3256411502162', '1'),
(2812, 1, 1, 7, 1, 'Untouchable', '310', '980.6410 Mul', '1133785058570', '2006', 'Lorem ipsum dolor sit amet.', '2415358727260', '1'),
(2811, 1, 1, 5, 1, 'London Fields', '829', '980.7422 Mar', '1133715461102', '2006', 'Lorem ipsum dolor sit amet.', '2220648686480', '1'),
(2810, 1, 1, 3, 1, 'Anthills of the Savannah', '813', '980.0283 Chi', '1133745260548', '2006', 'Lorem ipsum dolor sit amet.', '3423654118658', '1'),
(2808, 1, 1, 5, 1, 'We', '815', '980.5136 Yev', '1133707205112', '2006', 'Lorem ipsum dolor sit amet.', '6300687317154', '1'),
(2809, 1, 1, 3, 1, 'Things Fall Apart', '419', '980.1502 Chi', '1133774554647', '2006', 'Lorem ipsum dolor sit amet.', '5880336554634', '1'),
(2807, 1, 1, 8, 1, 'The Midwich Cuckoos', '850', '980.8503 Joh', '1133756150006', '2006', 'Lorem ipsum dolor sit amet.', '5142636317685', '1'),
(2805, 1, 1, 7, 1, 'Orlando', '215', '980.8853 Vir', '1133700673246', '2006', 'Lorem ipsum dolor sit amet.', '6583633182221', '1'),
(2806, 1, 1, 5, 1, 'Day of the Triffids', '667', '980.4235 Joh', '1133788013405', '2006', 'Lorem ipsum dolor sit amet.', '6828538025557', '1'),
(2804, 1, 1, 6, 1, 'The Book of the New Sun', '216', '980.2775 Gen', '1133714318436', '2006', 'Lorem ipsum dolor sit amet.', '0206532634556', '1'),
(2802, 1, 1, 5, 1, 'The Sword in the Stone', '571', '980.3181 TH ', '1133732528012', '2006', 'Lorem ipsum dolor sit amet.', '6465330868563', '1'),
(2803, 1, 1, 6, 1, 'The Old Men at the Zoo', '923', '980.8236 Ang', '1133767362446', '2006', 'Lorem ipsum dolor sit amet.', '1567102687582', '1'),
(2801, 1, 1, 4, 1, 'The War of the Worlds', '230', '980.3558 HG ', '1133782384228', '2006', 'Lorem ipsum dolor sit amet.', '3185646762342', '1'),
(2800, 1, 1, 3, 1, 'The Time Machine', '103', '980.1367 HG ', '1133721784002', '2006', 'Lorem ipsum dolor sit amet.', '6133028338216', '1'),
(2798, 1, 1, 4, 1, 'Lolly Willowes', '72', '980.2725 Syl', '1133720427306', '2006', 'Lorem ipsum dolor sit amet.', '2358407353314', '1'),
(2799, 1, 1, 3, 1, 'Affinity', '187', '980.8632 Sar', '1133768480084', '2006', 'Lorem ipsum dolor sit amet.', '5476184130766', '1'),
(2796, 1, 1, 7, 1, 'The Castle of Otranto', '807', '980.3481 Hor', '1133708883325', '2006', 'Lorem ipsum dolor sit amet.', '6287874184354', '1'),
(2797, 1, 1, 2, 1, 'Institute Benjamenta', '596', '980.2368 Rob', '1133747763354', '2006', 'Lorem ipsum dolor sit amet.', '2452375665630', '1'),
(2795, 1, 1, 4, 1, 'Sirens of Titan', '204', '980.1008 Kur', '1133742531255', '2006', 'Lorem ipsum dolor sit amet.', '2060706500463', '1'),
(2794, 1, 1, 7, 1, 'A Connecticut Yankee in King Arthur''s Court', '916', '980.4383 Mar', '1133787415172', '2006', 'Lorem ipsum dolor sit amet.', '3070180520353', '1'),
(2792, 1, 1, 1, 1, 'The Hobbit', '512', '980.5267 JRR', '1133782773821', '2006', 'Lorem ipsum dolor sit amet.', '0846137233715', '1'),
(2793, 1, 1, 1, 1, 'The Lord of the Rings', '936', '980.2202 JRR', '1133781305154', '2006', 'Lorem ipsum dolor sit amet.', '0244834656655', '1'),
(2791, 1, 1, 2, 1, 'The Insult', '73', '980.6688 Rup', '1133765386843', '2006', 'Lorem ipsum dolor sit amet.', '2226773631261', '1'),
(2789, 1, 1, 1, 1, 'The Strange Case of Dr Jekyll and Mr Hyde', '966', '980.4423 Rob', '1133761021578', '2006', 'Lorem ipsum dolor sit amet.', '8617517133543', '1'),
(2790, 1, 1, 5, 1, 'Dracula', '407', '980.0747 Bra', '1133748875364', '2006', 'Lorem ipsum dolor sit amet.', '8623606117172', '1'),
(2788, 1, 1, 7, 1, 'Snow Crash', '689', '980.8078 Nea', '1133780055523', '2006', 'Lorem ipsum dolor sit amet.', '8772822287146', '1'),
(2786, 1, 1, 3, 1, 'Hyperion', '791', '980.2388 Dan', '1133743547178', '2006', 'Lorem ipsum dolor sit amet.', '5856011641627', '1'),
(2787, 1, 1, 4, 1, 'Star Maker', '959', '980.7472 Ola', '1133754300361', '2006', 'Lorem ipsum dolor sit amet.', '5051158613582', '1'),
(2785, 1, 1, 5, 1, 'Frankenstein', '532', '980.5642 Mar', '1133710503701', '2006', 'Lorem ipsum dolor sit amet.', '1071326462471', '1'),
(2783, 1, 1, 1, 1, 'Blindness', '332', '980.7252 Jos', '1133743421850', '2006', 'Lorem ipsum dolor sit amet.', '0158557603527', '1'),
(2784, 1, 1, 6, 1, 'How the Dead Live', '744', '980.0882 Wil', '1133788178181', '2006', 'Lorem ipsum dolor sit amet.', '1275244488518', '1'),
(2782, 1, 1, 4, 1, 'The Little Prince', '980', '980.3368 Ant', '1133778015017', '2006', 'Lorem ipsum dolor sit amet.', '6411541338752', '1'),
(2781, 1, 1, 5, 1, 'Air', '557', '980.6881 Geo', '1133783607061', '2006', 'Lorem ipsum dolor sit amet.', '6083160063018', '1'),
(2779, 1, 1, 7, 1, 'Satanic Verses', '631', '980.4424 Sal', '1133715302564', '2006', 'Lorem ipsum dolor sit amet.', '8515510486658', '1'),
(2780, 1, 1, 6, 1, 'The Female Man', '555', '980.8834 Joa', '1133751436065', '2006', 'Lorem ipsum dolor sit amet.', '7818732202512', '1'),
(2778, 1, 1, 7, 1, 'Harry Potter and the Philosopher''s Stone', '168', '980.6656 JK ', '1133731400842', '2006', 'Lorem ipsum dolor sit amet.', '2627485234420', '1'),
(2777, 1, 1, 8, 1, 'The Years of Rice and Salt', '47', '980.6162 Kim', '1133755675684', '2006', 'Lorem ipsum dolor sit amet.', '4373812287323', '1'),
(2775, 1, 1, 4, 1, 'The Mysteries of Udolpho', '252', '980.4372 Ann', '1133715433418', '2006', 'Lorem ipsum dolor sit amet.', '2567782015802', '1'),
(2776, 1, 1, 2, 1, 'Revelation Space', '788', '980.1736 Ala', '1133737836761', '2006', 'Lorem ipsum dolor sit amet.', '8483301501050', '1'),
(2774, 1, 1, 1, 1, 'Gargantua and Pantagruel', '939', '980.8066 Fra', '1133788172142', '2006', 'Lorem ipsum dolor sit amet.', '5872108801368', '1'),
(2773, 1, 1, 6, 1, 'His Dark Materials', '250', '980.0234 Phi', '1133733268757', '2006', 'Lorem ipsum dolor sit amet.', '5018246285352', '1'),
(2771, 1, 1, 4, 1, 'The Discworld Series', '360', '980.7656 Ter', '1133767751662', '2006', 'Lorem ipsum dolor sit amet.', '8648111555214', '1'),
(2772, 1, 1, 6, 1, 'The Prestige', '145', '980.7871 Chr', '1133735054462', '2006', 'Lorem ipsum dolor sit amet.', '1373704252677', '1'),
(2770, 1, 1, 6, 1, 'A Glastonbury Romance', '889', '980.2761 Joh', '1133733624383', '2006', 'Lorem ipsum dolor sit amet.', '8023728851632', '1'),
(2768, 1, 1, 2, 1, 'Titus Groan', '699', '980.7233 Mer', '1133788855240', '2006', 'Lorem ipsum dolor sit amet.', '2841572132622', '1'),
(2769, 1, 1, 3, 1, 'The Space Merchants', '819', '980.7144 Fre', '1133703050175', '2006', 'Lorem ipsum dolor sit amet.', '3147624403614', '1'),
(2767, 1, 1, 7, 1, 'Nightmare Abbey', '544', '980.0353 Tho', '1133774742427', '2006', 'Lorem ipsum dolor sit amet.', '0045687231170', '1'),
(2766, 1, 1, 2, 1, 'Fight Club', '949', '980.2767 Chu', '1133752254627', '2006', 'Lorem ipsum dolor sit amet.', '4004717412603', '1'),
(2765, 1, 1, 1, 1, 'Nineteen Eighty-Four', '16', '980.1105 Geo', '1133786410688', '2006', 'Lorem ipsum dolor sit amet.', '4540675567170', '1'),
(2764, 1, 1, 1, 1, 'The Famished Road', '35', '980.2637 Ben', '1133751140426', '2006', 'Lorem ipsum dolor sit amet.', '0780412325056', '1'),
(2763, 1, 1, 7, 1, 'The Third Policeman', '141', '980.1845 Fla', '1133737626467', '2006', 'Lorem ipsum dolor sit amet.', '1225345137877', '1'),
(2762, 1, 1, 8, 1, 'Vurt', '542', '980.6878 Jef', '1133742583480', '2006', 'Lorem ipsum dolor sit amet.', '4550141812401', '1'),
(2761, 1, 1, 3, 1, 'Ringworld', '354', '980.7686 Lar', '1133760231813', '2006', 'Lorem ipsum dolor sit amet.', '4505241720052', '1'),
(2760, 1, 1, 3, 1, 'The Time Traveler''s Wife', '716', '980.2783 Aud', '1133775803200', '2006', 'Lorem ipsum dolor sit amet.', '0811484307612', '1'),
(2759, 1, 1, 5, 1, 'Ada or Ardor', '342', '980.2302 Vla', '1133713506348', '2006', 'Lorem ipsum dolor sit amet.', '1078863151334', '1'),
(2758, 1, 1, 2, 1, 'The Wind-Up Bird Chronicle', '122', '980.8827 Har', '1133725325004', '2006', 'Lorem ipsum dolor sit amet.', '4808082744621', '1'),
(2757, 1, 1, 5, 1, 'Beloved', '648', '980.7666 Ton', '1133763081402', '2006', 'Lorem ipsum dolor sit amet.', '5454450830457', '1'),
(2756, 1, 1, 2, 1, 'News from Nowhere', '156', '980.7316 Wil', '1133787646011', '2006', 'Lorem ipsum dolor sit amet.', '0466384126616', '1'),
(2755, 1, 1, 4, 1, 'Mother London', '285', '980.6842 Mic', '1133716748573', '2006', 'Lorem ipsum dolor sit amet.', '8251144352216', '1'),
(2754, 1, 1, 2, 1, 'Cloud Atlas', '769', '980.1011 Dav', '1133777248405', '2006', 'Lorem ipsum dolor sit amet.', '3166808754057', '1'),
(2753, 1, 1, 3, 1, 'A Canticle for Leibowitz', '61', '980.2142 Wal', '1133706065361', '2006', 'Lorem ipsum dolor sit amet.', '8711247046844', '1'),
(2752, 1, 1, 2, 1, 'Ingenious Pain', '0', '980.3633 And', '1133780032603', '2006', 'Lorem ipsum dolor sit amet.', '2843663247320', '1'),
(2751, 1, 1, 1, 1, 'The Scar', '292', '980.3085 Chi', '1133724518171', '2006', 'Lorem ipsum dolor sit amet.', '7040555438606', '1'),
(2750, 1, 1, 4, 1, 'Ascent', '372', '980.2175 Jed', '1133706003140', '2006', 'Lorem ipsum dolor sit amet.', '1617675803524', '1'),
(2748, 1, 1, 4, 1, 'The Butcher Boy', '705', '980.8467 Pat', '1133763152401', '2006', 'Lorem ipsum dolor sit amet.', '6187337453075', '1'),
(2749, 1, 1, 1, 1, 'The Road', '647', '980.7788 Cor', '1133707641670', '2006', 'Lorem ipsum dolor sit amet.', '4720472565477', '1'),
(2747, 1, 1, 2, 1, 'Melmoth the Wanderer', '903', '980.7302 Cha', '1133715610043', '2006', 'Lorem ipsum dolor sit amet.', '1458447641481', '1'),
(2745, 1, 1, 5, 1, 'Only Forward', '504', '980.6834 Mic', '1133787357823', '2006', 'Lorem ipsum dolor sit amet.', '8743370005704', '1'),
(2746, 1, 1, 3, 1, 'I Am Legend', '896', '980.4645 Ric', '1133744841855', '2006', 'Lorem ipsum dolor sit amet.', '4210076028040', '1'),
(2744, 1, 1, 8, 1, 'Beyond Black', '590', '980.7434 Hil', '1133711308128', '2006', 'Lorem ipsum dolor sit amet.', '6616057138431', '1'),
(2742, 1, 1, 8, 1, 'A Voyage to Arcturus', '98', '980.1204 Dav', '1133704463087', '2006', 'Lorem ipsum dolor sit amet.', '2817751535732', '1'),
(2743, 1, 1, 4, 1, 'The Night Sessions', '578', '980.4565 Ken', '1133746504601', '2006', 'Lorem ipsum dolor sit amet.', '3641645443617', '1'),
(2740, 1, 1, 8, 1, 'The Chronicles of Narnia', '436', '980.5176 CS ', '1133721368032', '2006', 'Lorem ipsum dolor sit amet.', '1135287001836', '1'),
(2741, 1, 1, 4, 1, 'The Monk', '539', '980.3620 Mat', '1133750352060', '2006', 'Lorem ipsum dolor sit amet.', '4772837268324', '1'),
(2739, 1, 1, 1, 1, 'Memoirs of a Survivor', '104', '980.6323 Dor', '1133723806074', '2006', 'Lorem ipsum dolor sit amet.', '2561557542465', '1'),
(2738, 1, 1, 7, 1, 'Solaris', '517', '980.0861 Sta', '1133772311156', '2006', 'Lorem ipsum dolor sit amet.', '3878781565672', '1'),
(2737, 1, 1, 4, 1, 'The Left Hand of Darkness', '851', '980.5403 Urs', '1133788004116', '2006', 'Lorem ipsum dolor sit amet.', '7285748727068', '1'),
(2736, 1, 1, 5, 1, 'The Earthsea Series', '720', '980.1210 Urs', '1133780443016', '2006', 'Lorem ipsum dolor sit amet.', '2336216104414', '1'),
(2735, 1, 1, 1, 1, 'Uncle Silas', '577', '980.1654 Jos', '1133712640462', '2006', 'Lorem ipsum dolor sit amet.', '3014714623580', '1'),
(2734, 1, 1, 8, 1, 'The Victorian Chaise-longue', '171', '980.2551 Mar', '1133786048610', '2006', 'Lorem ipsum dolor sit amet.', '8853754636470', '1'),
(2732, 1, 1, 8, 1, 'Flowers for Algernon', '348', '980.5847 Dan', '1133777754688', '2006', 'Lorem ipsum dolor sit amet.', '6172228232622', '1'),
(2733, 1, 1, 2, 1, 'The Shining', '407', '980.4537 Ste', '1133778113281', '2006', 'Lorem ipsum dolor sit amet.', '0683270201525', '1'),
(2731, 1, 1, 5, 1, 'The Trial', '692', '980.6543 Fra', '1133775758023', '2006', 'Lorem ipsum dolor sit amet.', '5712588420842', '1'),
(2729, 1, 1, 5, 1, 'After London; or, Wild England', '577', '980.3230 Ric', '1133707274264', '2006', 'Lorem ipsum dolor sit amet.', '7856744748462', '1'),
(2730, 1, 1, 8, 1, 'Bold as Love', '893', '980.6676 Gwy', '1133725473177', '2006', 'Lorem ipsum dolor sit amet.', '8315435823586', '1'),
(2727, 1, 1, 1, 1, 'The Turn of the Screw', '281', '980.4381 Hen', '1133701734183', '2006', 'Lorem ipsum dolor sit amet.', '7183812688343', '1'),
(2728, 1, 1, 8, 1, 'The Children of Men', '917', '980.5522 PD ', '1133782623404', '2006', 'Lorem ipsum dolor sit amet.', '1873523364263', '1'),
(2726, 1, 1, 7, 1, 'The Haunting of Hill House', '20', '980.2632 Shi', '1133700602080', '2006', 'Lorem ipsum dolor sit amet.', '0764743053327', '1'),
(2724, 1, 1, 1, 1, 'Brave New World', '363', '980.2548 Ald', '1133765386754', '2006', 'Lorem ipsum dolor sit amet.', '6437270264346', '1'),
(2725, 1, 1, 3, 1, 'The Unconsoled', '876', '980.2802 Kaz', '1133753787115', '2006', 'Lorem ipsum dolor sit amet.', '6763858865031', '1'),
(2723, 1, 1, 3, 1, 'Atomised', '456', '980.8470 Mic', '1133743836641', '2006', 'Lorem ipsum dolor sit amet.', '1058308407474', '1');
INSERT INTO `media` (`id`, `type_id`, `format_id`, `genre_id`, `library_id`, `title`, `length`, `call_number`, `barcode`, `copyright`, `description`, `isbn`, `edition`) VALUES
(2722, 1, 1, 3, 1, 'The Private Memoirs and Confessions of a Justified Sinner', '44', '980.8633 Jam', '1133712401260', '2006', 'Lorem ipsum dolor sit amet.', '7426852746456', '1'),
(2721, 1, 1, 1, 1, 'Riddley Walker', '830', '980.0451 Rus', '1133720652012', '2006', 'Lorem ipsum dolor sit amet.', '3674713738770', '1'),
(2720, 1, 1, 8, 1, 'The Glass Bead Game', '442', '980.3110 Her', '1133767577583', '2006', 'Lorem ipsum dolor sit amet.', '5764614673325', '1'),
(2719, 1, 1, 2, 1, 'Dune', '141', '980.6818 Fra', '1133774572624', '2006', 'Lorem ipsum dolor sit amet.', '0817240742562', '1'),
(2718, 1, 1, 4, 1, 'Stranger in a Strange Land', '498', '980.3871 Rob', '1133768373055', '2006', 'Lorem ipsum dolor sit amet.', '6015421173403', '1'),
(2717, 1, 1, 1, 1, 'The House of the Seven Gables', '730', '980.6617 Nat', '1133735127830', '2006', 'Lorem ipsum dolor sit amet.', '7570286346328', '1'),
(2716, 1, 1, 3, 1, 'Light', '855', '980.3378 M J', '1133701304513', '2006', 'Lorem ipsum dolor sit amet.', '0615418207262', '1'),
(2715, 1, 1, 8, 1, 'The Forever War', '451', '980.1401 Joe', '1133727884232', '2006', 'Lorem ipsum dolor sit amet.', '3072383623537', '1'),
(2714, 1, 1, 7, 1, 'Lord of the Flies', '347', '980.1453 Wil', '1133788857688', '2006', 'Lorem ipsum dolor sit amet.', '4736615142014', '1'),
(2713, 1, 1, 6, 1, 'Herland', '152', '980.8643 Cha', '1133712125708', '2006', 'Lorem ipsum dolor sit amet.', '3670700756467', '1'),
(2712, 1, 1, 8, 1, 'Neuromancer', '89', '980.5105 Wil', '1133728730470', '2006', 'Lorem ipsum dolor sit amet.', '3211433166566', '1'),
(2711, 1, 1, 8, 1, 'Red Shift', '133', '980.0612 Ala', '1133730383020', '2006', 'Lorem ipsum dolor sit amet.', '4587612773130', '1'),
(2710, 1, 1, 6, 1, 'American Gods', '666', '980.3022 Nei', '1133770388651', '2006', 'Lorem ipsum dolor sit amet.', '2233214673825', '1'),
(2709, 1, 1, 7, 1, 'The Magus', '696', '980.1783 Joh', '1133777887344', '2006', 'Lorem ipsum dolor sit amet.', '1438722411486', '1'),
(2708, 1, 1, 8, 1, 'Under the Skin', '869', '980.1241 Mic', '1133757255531', '2006', 'Lorem ipsum dolor sit amet.', '6181756006708', '1'),
(2707, 1, 1, 8, 1, 'Foucault''s Pendulum', '934', '980.5828 Umb', '1133707621647', '2006', 'Lorem ipsum dolor sit amet.', '8048403851077', '1'),
(2706, 1, 1, 6, 1, 'Camp Concentration', '599', '980.8313 Tho', '1133722843473', '2006', 'Lorem ipsum dolor sit amet.', '2143475321701', '1'),
(2705, 1, 1, 6, 1, 'The Man in the High Castle', '133', '980.0452 Phi', '1133717716451', '2006', 'Lorem ipsum dolor sit amet.', '5250752410836', '1'),
(2704, 1, 1, 2, 1, 'Do Androids Dream of Electric Sheep?', '748', '980.4153 Phi', '1133718670542', '2006', 'Lorem ipsum dolor sit amet.', '5188564622374', '1'),
(2703, 1, 1, 2, 1, 'The Einstein Intersection', '448', '980.5316 Sam', '1133782837815', '2006', 'Lorem ipsum dolor sit amet.', '6637017017268', '1'),
(2702, 1, 1, 8, 1, 'Pig Tales', '171', '980.8774 Mar', '1133744763847', '2006', 'Lorem ipsum dolor sit amet.', '1151345874411', '1'),
(2701, 1, 1, 5, 1, 'House of Leaves', '525', '980.4212 Mar', '1133783266731', '2006', 'Lorem ipsum dolor sit amet.', '7544486244761', '1'),
(2700, 1, 1, 7, 1, 'Girlfriend in a Coma', '303', '980.5843 Dou', '1133717060135', '2006', 'Lorem ipsum dolor sit amet.', '3734840404845', '1'),
(2699, 1, 1, 3, 1, 'Hello Summer, Goodbye', '277', '980.2242 Mic', '1133773468240', '2006', 'Lorem ipsum dolor sit amet.', '4325154178580', '1'),
(2698, 1, 1, 4, 1, 'Jonathan Strange & Mr Norrell', '859', '980.1424 Sus', '1133784365674', '2006', 'Lorem ipsum dolor sit amet.', '3185247215276', '1'),
(2697, 1, 1, 2, 1, 'Childhood''s End', '522', '980.8486 Art', '1133736806662', '2006', 'Lorem ipsum dolor sit amet.', '3246548360102', '1'),
(2696, 1, 1, 7, 1, 'The Man who was Thursday', '157', '980.5015 GK ', '1133711385386', '2006', 'Lorem ipsum dolor sit amet.', '6522162840170', '1'),
(2695, 1, 1, 4, 1, 'The Amazing Adventures of Kavalier and Clay', '52', '980.3103 Mic', '1133705563722', '2006', 'Lorem ipsum dolor sit amet.', '5677212467004', '1'),
(2694, 1, 1, 2, 1, 'The Passion of New Eve', '791', '980.8546 Ang', '1133781584354', '2006', 'Lorem ipsum dolor sit amet.', '6554408075305', '1'),
(2693, 1, 1, 4, 1, 'Nights at the Circus', '187', '980.1740 Ang', '1133742883045', '2006', 'Lorem ipsum dolor sit amet.', '7603764532113', '1'),
(2692, 1, 1, 5, 1, 'Through the Looking Glass and What Alice Found There', '574', '980.2380 Lew', '1133724126308', '2006', 'Lorem ipsum dolor sit amet.', '7266541157750', '1'),
(2691, 1, 1, 2, 1, 'Alice''s Adventures in Wonderland', '967', '980.5257 Lew', '1133765104433', '2006', 'Lorem ipsum dolor sit amet.', '2787648618202', '1'),
(2689, 1, 1, 8, 1, 'The Baron in the Trees', '123', '980.5887 Ita', '1133727061200', '2006', 'Lorem ipsum dolor sit amet.', '2000624518002', '1'),
(2690, 1, 1, 4, 1, 'The Influence', '288', '980.0365 Ram', '1133703061078', '2006', 'Lorem ipsum dolor sit amet.', '0603524024615', '1'),
(2688, 1, 1, 4, 1, 'Erewhon', '694', '980.5344 Sam', '1133764615854', '2006', 'Lorem ipsum dolor sit amet.', '3727685723844', '1'),
(2686, 1, 1, 6, 1, 'Naked Lunch', '534', '980.1016 Wil', '1133715638124', '2006', 'Lorem ipsum dolor sit amet.', '2200178472357', '1'),
(2687, 1, 1, 5, 1, 'Kindred', '827', '980.5043 Oct', '1133726267468', '2006', 'Lorem ipsum dolor sit amet.', '0102658501210', '1'),
(2685, 1, 1, 7, 1, 'A Princess of Mars', '851', '980.3327 Edg', '1133741447326', '2006', 'Lorem ipsum dolor sit amet.', '7848782336237', '1'),
(2684, 1, 1, 4, 1, 'The End of the World News', '417', '980.5887 Ant', '1133753621166', '2006', 'Lorem ipsum dolor sit amet.', '6035048125202', '1'),
(2683, 1, 1, 1, 1, 'A Clockwork Orange', '620', '980.2763 Ant', '1133758657681', '2006', 'Lorem ipsum dolor sit amet.', '4264547248008', '1'),
(2681, 1, 1, 6, 1, 'The Master and Margarita', '861', '980.4454 Mik', '1133772125223', '2006', 'Lorem ipsum dolor sit amet.', '8064788886646', '1'),
(2682, 1, 1, 7, 1, 'The Coming Race', '803', '980.2080 EGE', '1133784562730', '2006', 'Lorem ipsum dolor sit amet.', '2354357436410', '1'),
(2680, 1, 1, 6, 1, 'Rogue Moon', '773', '980.7078 Alg', '1133771804108', '2006', 'Lorem ipsum dolor sit amet.', '6743878222201', '1'),
(2678, 1, 1, 2, 1, 'Lost Souls', '283', '980.3534 Pop', '1133740248623', '2006', 'Lorem ipsum dolor sit amet.', '0177452355123', '1'),
(2679, 1, 1, 3, 1, 'Wieland', '964', '980.1643 Cha', '1133754028120', '2006', 'Lorem ipsum dolor sit amet.', '1047280625152', '1'),
(2677, 1, 1, 4, 1, 'Fahrenheit 451', '534', '980.5383 Ray', '1133714834332', '2006', 'Lorem ipsum dolor sit amet.', '2646345152163', '1'),
(2676, 1, 1, 6, 1, 'The Stars My Destination', '863', '980.3727 Alf', '1133702155857', '2006', 'Lorem ipsum dolor sit amet.', '8135556423851', '1'),
(2675, 1, 1, 8, 1, 'Vathek', '379', '980.6255 Wil', '1133778341574', '2006', 'Lorem ipsum dolor sit amet.', '0238673221085', '1'),
(2674, 1, 1, 3, 1, 'Darwin''s Radio', '851', '980.4344 Gre', '1133760211127', '2006', 'Lorem ipsum dolor sit amet.', '7318706024103', '1'),
(2673, 1, 1, 5, 1, 'The Time Ships', '444', '980.1044 Ste', '1133744653232', '2006', 'Lorem ipsum dolor sit amet.', '2324435560520', '1'),
(2672, 1, 1, 5, 1, 'Darkmans', '156', '980.7055 Nic', '1133772440318', '2006', 'Lorem ipsum dolor sit amet.', '7600174885451', '1'),
(2671, 1, 1, 8, 1, 'Weaveworld', '960', '980.2072 Cli', '1133752868000', '2006', 'Lorem ipsum dolor sit amet.', '8277652033534', '1'),
(2670, 1, 1, 3, 1, 'Consider Phlebas', '98', '980.7205 Iai', '1133778851340', '2006', 'Lorem ipsum dolor sit amet.', '4634031682441', '1'),
(2669, 1, 1, 7, 1, 'The Wasp Factory', '467', '980.0246 Iai', '1133755160754', '2006', 'Lorem ipsum dolor sit amet.', '6552875716247', '1'),
(2668, 1, 1, 3, 1, 'Millennium People', '421', '980.7427 JG ', '1133738687015', '2006', 'Lorem ipsum dolor sit amet.', '4245735167722', '1'),
(2667, 1, 1, 2, 1, 'Crash', '814', '980.6541 JG ', '1133745838780', '2006', 'Lorem ipsum dolor sit amet.', '1270032218102', '1'),
(2666, 1, 1, 1, 1, 'The Drowned World', '330', '980.8374 JG ', '1133752351053', '2006', 'Lorem ipsum dolor sit amet.', '8447848342071', '1'),
(2665, 1, 1, 8, 1, 'In the Country of Last Things', '274', '980.2840 Pau', '1133772874024', '2006', 'Lorem ipsum dolor sit amet.', '3114520838112', '1'),
(2664, 1, 1, 8, 1, 'The Handmaid''s Tale', '382', '980.5242 Mar', '1133753446517', '2006', 'Lorem ipsum dolor sit amet.', '8045740328580', '1'),
(2663, 1, 1, 3, 1, 'The Blind Assassin', '873', '980.8885 Mar', '1133762112360', '2006', 'Lorem ipsum dolor sit amet.', '4861405008738', '1'),
(2661, 1, 1, 3, 1, 'Non-Stop', '978', '980.7727 Bri', '1133750181514', '2006', 'Lorem ipsum dolor sit amet.', '3884558145584', '1'),
(2662, 1, 1, 1, 1, 'Foundation', '335', '980.0265 Isa', '1133775748632', '2006', 'Lorem ipsum dolor sit amet.', '0234580554222', '1'),
(2660, 1, 1, 8, 1, 'The Hitchhikers Guide to the Galaxy', '956', '980.8413 Dou', '1133730430207', '2006', 'Lorem ipsum dolor sit amet.', '5767688523522', '1'),
(2659, 1, 1, 6, 1, 'Revolutionary Road', '685', '980.1435 Ric', '1133768071105', '2006', 'Lorem ipsum dolor sit amet.', '1515280524427', '1'),
(2658, 1, 1, 2, 1, 'East Lynne', '644', '980.7744 Ell', '1133775556666', '2006', 'Lorem ipsum dolor sit amet.', '8617120655673', '1'),
(2657, 1, 1, 5, 1, 'The Passion', '826', '980.8282 Jea', '1133740803467', '2006', 'Lorem ipsum dolor sit amet.', '1768566870381', '1'),
(2656, 1, 1, 2, 1, 'The Age of Innocence', '909', '980.5767 Edi', '1133774036656', '2006', 'Lorem ipsum dolor sit amet.', '7807783875108', '1'),
(2654, 1, 1, 3, 1, 'The Night Watch', '745', '980.5274 Sar', '1133768236344', '2006', 'Lorem ipsum dolor sit amet.', '8178355385538', '1'),
(2655, 1, 1, 7, 1, 'The Graduate', '494', '980.0808 Cha', '1133738848744', '2006', 'Lorem ipsum dolor sit amet.', '8148525254020', '1'),
(2653, 1, 1, 1, 1, 'The Accidental Tourist', '587', '980.2008 Ann', '1133768878701', '2006', 'Lorem ipsum dolor sit amet.', '1516420748874', '1'),
(2651, 1, 1, 8, 1, 'First Love', '184', '980.2016 Iva', '1133781060760', '2006', 'Lorem ipsum dolor sit amet.', '4045300724038', '1'),
(2652, 1, 1, 8, 1, 'Breathing Lessons', '728', '980.5000 Ann', '1133728620618', '2006', 'Lorem ipsum dolor sit amet.', '4768264376758', '1'),
(2650, 1, 1, 2, 1, 'Music and Silence', '997', '980.4462 Ros', '1133745103386', '2006', 'Lorem ipsum dolor sit amet.', '1332365257876', '1'),
(2649, 1, 1, 1, 1, 'Anna Karenina', '153', '980.1205 Leo', '1133752487413', '2006', 'Lorem ipsum dolor sit amet.', '2782375173484', '1'),
(2647, 1, 1, 6, 1, 'Waterland', '409', '980.7701 Gra', '1133730177628', '2006', 'Lorem ipsum dolor sit amet.', '0865114825242', '1'),
(2648, 1, 1, 7, 1, 'Diary of a Mad Old Man', '529', '980.4433 Jun', '1133783774055', '2006', 'Lorem ipsum dolor sit amet.', '6861523440660', '1'),
(2646, 1, 1, 6, 1, 'Valley of the Dolls', '132', '980.7202 Jac', '1133701233712', '2006', 'Lorem ipsum dolor sit amet.', '6371514048171', '1'),
(2644, 1, 1, 5, 1, 'I Capture the Castle', '891', '980.3206 Dod', '1133728334326', '2006', 'Lorem ipsum dolor sit amet.', '3617362435878', '1'),
(2645, 1, 1, 2, 1, 'The Map of Love', '104', '980.0531 Ahd', '1133773316131', '2006', 'Lorem ipsum dolor sit amet.', '7081832633205', '1'),
(2643, 1, 1, 8, 1, 'At Grand Central Station I Sat Down and Wept', '312', '980.3304 Eli', '1133744464708', '2006', 'Lorem ipsum dolor sit amet.', '1680426311821', '1'),
(2642, 1, 1, 1, 1, 'Enemies, a Love Story', '533', '980.5317 Isa', '1133707326367', '2006', 'Lorem ipsum dolor sit amet.', '7313022514471', '1'),
(2641, 1, 1, 1, 1, 'Love Story', '472', '980.8752 Eri', '1133762861207', '2006', 'Lorem ipsum dolor sit amet.', '4112783421807', '1'),
(2640, 1, 1, 6, 1, 'The Reluctant Orphan', '674', '980.0833 Aar', '1133751447220', '2006', 'Lorem ipsum dolor sit amet.', '0827327575381', '1'),
(2639, 1, 1, 6, 1, 'The Reader', '853', '980.2486 Ben', '1133704354073', '2006', 'Lorem ipsum dolor sit amet.', '7425777847786', '1'),
(2638, 1, 1, 6, 1, 'A Sport and a Passtime', '100', '980.5513 Jam', '1133734054438', '2006', 'Lorem ipsum dolor sit amet.', '8031812737722', '1'),
(2636, 1, 1, 6, 1, 'Ali and Nino', '909', '980.7386 Kur', '1133763177264', '2006', 'Lorem ipsum dolor sit amet.', '8716843545111', '1'),
(2637, 1, 1, 2, 1, 'Light Years', '651', '980.5646 Jam', '1133713088824', '2006', 'Lorem ipsum dolor sit amet.', '3161027531267', '1'),
(2635, 1, 1, 7, 1, 'Bonjour Tristesse', '94', '980.5851 Fra', '1133734537533', '2006', 'Lorem ipsum dolor sit amet.', '4288063587066', '1'),
(2633, 1, 1, 3, 1, 'Clarissa', '294', '980.0581 Sam', '1133718053650', '2006', 'Lorem ipsum dolor sit amet.', '2657842308154', '1'),
(2634, 1, 1, 6, 1, 'Gilead', '424', '980.0333 Mar', '1133776187548', '2006', 'Lorem ipsum dolor sit amet.', '1172203540378', '1'),
(2632, 1, 1, 6, 1, 'Pamela', '139', '980.6006 Sam', '1133744003445', '2006', 'Lorem ipsum dolor sit amet.', '5603316288773', '1'),
(2630, 1, 1, 2, 1, 'Wide Sargasso Sea', '872', '980.2210 Jea', '1133763720635', '2006', 'Lorem ipsum dolor sit amet.', '5861708266614', '1'),
(2631, 1, 1, 4, 1, 'Maurice Guest', '397', '980.8076 Hen', '1133763672370', '2006', 'Lorem ipsum dolor sit amet.', '6864034363558', '1'),
(2629, 1, 1, 8, 1, 'Manon Lescaut', '339', '980.3081 Abb', '1133707174583', '2006', 'Lorem ipsum dolor sit amet.', '1136323125670', '1'),
(2627, 1, 1, 4, 1, 'The English Patient', '203', '980.6032 Mic', '1133753735887', '2006', 'Lorem ipsum dolor sit amet.', '2408480176422', '1'),
(2628, 1, 1, 6, 1, 'Doctor Zhivago', '168', '980.6881 Bor', '1133727436711', '2006', 'Lorem ipsum dolor sit amet.', '3117728755467', '1'),
(2626, 1, 1, 7, 1, 'All Souls Day', '265', '980.1618 Cee', '1133731666331', '2006', 'Lorem ipsum dolor sit amet.', '6772374738010', '1'),
(2624, 1, 1, 7, 1, 'The Painter of Signs', '260', '980.5377 RK ', '1133773147465', '2006', 'Lorem ipsum dolor sit amet.', '8270720737505', '1'),
(2625, 1, 1, 5, 1, 'Delta of Venus', '289', '980.7675 Ana', '1133726715441', '2006', 'Lorem ipsum dolor sit amet.', '2808411188270', '1'),
(2622, 1, 1, 8, 1, 'Norwegian Wood', '605', '980.2477 Har', '1133750821857', '2006', 'Lorem ipsum dolor sit amet.', '8056746712621', '1'),
(2623, 1, 1, 1, 1, 'Lolita, or the Confessions of a White Widowed Male', '349', '980.4202 Vla', '1133728013762', '2006', 'Lorem ipsum dolor sit amet.', '8761544643252', '1'),
(2621, 1, 1, 3, 1, 'Arturo''s Island', '556', '980.4535 Els', '1133733276288', '2006', 'Lorem ipsum dolor sit amet.', '5866622411057', '1'),
(2619, 1, 1, 1, 1, 'The Pursuit of Love', '242', '980.6056 Nan', '1133758631641', '2006', 'Lorem ipsum dolor sit amet.', '5438573762625', '1'),
(2620, 1, 1, 5, 1, 'Love in a Cold Climate', '758', '980.5657 Nan', '1133713125051', '2006', 'Lorem ipsum dolor sit amet.', '1011408340622', '1'),
(2618, 1, 1, 6, 1, 'Gone With the Wind', '652', '980.8152 Mar', '1133731230246', '2006', 'Lorem ipsum dolor sit amet.', '7866111001221', '1'),
(2616, 1, 1, 8, 1, 'Tropic of Cancer', '2', '980.3154 Hen', '1133782745302', '2006', 'Lorem ipsum dolor sit amet.', '8601464168750', '1'),
(2617, 1, 1, 6, 1, 'Patience and Sarah', '333', '980.3020 Isa', '1133777127336', '2006', 'Lorem ipsum dolor sit amet.', '1375146771640', '1'),
(2614, 1, 1, 7, 1, 'The Child in Time', '718', '980.7531 Ian', '1133778213847', '2006', 'Lorem ipsum dolor sit amet.', '6382824412570', '1'),
(2615, 1, 1, 8, 1, 'The Egoist', '837', '980.4748 Geo', '1133711426380', '2006', 'Lorem ipsum dolor sit amet.', '6752458184650', '1'),
(2613, 1, 1, 5, 1, 'Atonement', '641', '980.1734 Ian', '1133772767815', '2006', 'Lorem ipsum dolor sit amet.', '8283685071866', '1'),
(2612, 1, 1, 3, 1, 'The Heart is a Lonely Hunter', '507', '980.2116 Car', '1133726208748', '2006', 'Lorem ipsum dolor sit amet.', '8642758645302', '1'),
(2611, 1, 1, 5, 1, 'So Long, See you Tomorrow', '244', '980.4500 Wil', '1133750601566', '2006', 'Lorem ipsum dolor sit amet.', '8357828370811', '1'),
(2610, 1, 1, 7, 1, 'Of Human Bondage', '470', '980.7761 Som', '1133713780471', '2006', 'Lorem ipsum dolor sit amet.', '3430514357203', '1'),
(2608, 1, 1, 2, 1, 'A Heart So White', '295', '980.8085 Jav', '1133745583465', '2006', 'Lorem ipsum dolor sit amet.', '2300610036244', '1'),
(2609, 1, 1, 1, 1, 'Love in the Time of Cholera', '424', '980.4154 Gab', '1133776448484', '2006', 'Lorem ipsum dolor sit amet.', '7410441700143', '1'),
(2607, 1, 1, 5, 1, 'The Silent Duchess', '798', '980.6230 Dac', '1133737281254', '2006', 'Lorem ipsum dolor sit amet.', '4280880323577', '1'),
(2605, 1, 1, 3, 1, 'Samarkand', '133', '980.4158 Ami', '1133712462654', '2006', 'Lorem ipsum dolor sit amet.', '6786172446356', '1'),
(2606, 1, 1, 1, 1, 'Death in Venice', '893', '980.1104 Tho', '1133738762552', '2006', 'Lorem ipsum dolor sit amet.', '5641404233180', '1'),
(2604, 1, 1, 8, 1, 'Foreign Affairs', '598', '980.8340 Ali', '1133726640554', '2006', 'Lorem ipsum dolor sit amet.', '8278420556814', '1'),
(2603, 1, 1, 4, 1, 'Zami', '641', '980.2784 Aud', '1133744238226', '2006', 'Lorem ipsum dolor sit amet.', '4871104188524', '1'),
(2601, 1, 1, 3, 1, 'The Weather in the Streets', '529', '980.0067 Ros', '1133761343053', '2006', 'Lorem ipsum dolor sit amet.', '8231832424555', '1'),
(2602, 1, 1, 7, 1, 'Gentlemen Prefer Blondes', '159', '980.0507 Ani', '1133760466367', '2006', 'Lorem ipsum dolor sit amet.', '4132663784104', '1'),
(2600, 1, 1, 1, 1, 'The Echoing Grove', '592', '980.1461 Ros', '1133734453760', '2006', 'Lorem ipsum dolor sit amet.', '5052418627031', '1'),
(2598, 1, 1, 4, 1, 'The Rainbow', '798', '980.0047 DH ', '1133770168820', '2006', 'Lorem ipsum dolor sit amet.', '2376716638818', '1'),
(2599, 1, 1, 7, 1, 'Women in Love', '994', '980.4277 DH ', '1133784823238', '2006', 'Lorem ipsum dolor sit amet.', '5614258734087', '1'),
(2597, 1, 1, 3, 1, 'Lady Chatterley''s Lover', '611', '980.5870 DH ', '1133786262213', '2006', 'Lorem ipsum dolor sit amet.', '6614383057638', '1'),
(2595, 1, 1, 2, 1, 'The Unbearable Lightness of Being', '702', '980.1076 Mil', '1133730170765', '2006', 'Lorem ipsum dolor sit amet.', '3132337417831', '1'),
(2596, 1, 1, 6, 1, 'Les Liaisons Dangereuses', '405', '980.3030 Pie', '1133772430872', '2006', 'Lorem ipsum dolor sit amet.', '7578587810842', '1'),
(2593, 1, 1, 1, 1, 'Moon over Africa', '315', '980.0063 Pam', '1133756581665', '2006', 'Lorem ipsum dolor sit amet.', '2147206170332', '1'),
(2594, 1, 1, 5, 1, 'The Book of Laughter and Forgetting', '928', '980.4648 Mil', '1133701850226', '2006', 'Lorem ipsum dolor sit amet.', '4623234728477', '1'),
(2592, 1, 1, 8, 1, 'Zorba the Greek', '10', '980.0473 Nik', '1133785434315', '2006', 'Lorem ipsum dolor sit amet.', '8415860162138', '1'),
(2590, 1, 1, 5, 1, 'Beauty and Saddness', '897', '980.1362 Yas', '1133785007124', '2006', 'Lorem ipsum dolor sit amet.', '1860853837020', '1'),
(2591, 1, 1, 3, 1, 'The Far Pavillions', '438', '980.1507 Mar', '1133704251552', '2006', 'Lorem ipsum dolor sit amet.', '8863320024556', '1'),
(2589, 1, 1, 4, 1, 'The Piano Teacher', '475', '980.3634 Elf', '1133753657737', '2006', 'Lorem ipsum dolor sit amet.', '4545021168030', '1'),
(2587, 1, 1, 8, 1, 'Portrait of a Lady', '651', '980.7328 Hen', '1133723018247', '2006', 'Lorem ipsum dolor sit amet.', '7521577615431', '1'),
(2588, 1, 1, 7, 1, 'The Wings of the Dove', '17', '980.7771 Hen', '1133782827210', '2006', 'Lorem ipsum dolor sit amet.', '3627232006565', '1'),
(2586, 1, 1, 4, 1, 'The Remains of the Day', '97', '980.2775 Kaz', '1133744738760', '2006', 'Lorem ipsum dolor sit amet.', '3323181617336', '1'),
(2584, 1, 1, 8, 1, 'Their Eyes Were Watching God', '93', '980.7172 Zor', '1133746234847', '2006', 'Lorem ipsum dolor sit amet.', '1321207870223', '1'),
(2585, 1, 1, 5, 1, 'Crome Yellow', '765', '980.6458 Ald', '1133701245680', '2006', 'Lorem ipsum dolor sit amet.', '2660587670577', '1'),
(2583, 1, 1, 2, 1, 'Green Mansions: A Romance of the Tropical Forest', '594', '980.2064 WH ', '1133707100846', '2006', 'Lorem ipsum dolor sit amet.', '3781024745544', '1'),
(2581, 1, 1, 8, 1, 'Regency Buck', '920', '980.7453 Geo', '1133728017160', '2006', 'Lorem ipsum dolor sit amet.', '5332784532437', '1'),
(2582, 1, 1, 1, 1, 'The Swimming-Pool Library', '177', '980.2512 Ala', '1133781426785', '2006', 'Lorem ipsum dolor sit amet.', '5780585402262', '1'),
(2580, 1, 1, 5, 1, 'The Infamous Army', '300', '980.1146 Geo', '1133728012854', '2006', 'Lorem ipsum dolor sit amet.', '4115208374312', '1'),
(2578, 1, 1, 4, 1, 'The Transit of Venus', '71', '980.8671 Shi', '1133726768857', '2006', 'Lorem ipsum dolor sit amet.', '0525456517864', '1'),
(2579, 1, 1, 1, 1, 'A Farewell to Arms', '187', '980.8324 Ern', '1133773012481', '2006', 'Lorem ipsum dolor sit amet.', '3188786664062', '1'),
(2577, 1, 1, 7, 1, 'The Scarlet Letter', '350', '980.5412 Nat', '1133782146523', '2006', 'Lorem ipsum dolor sit amet.', '7057007230872', '1'),
(2575, 1, 1, 5, 1, 'The Woodlanders', '840', '980.3011 Tho', '1133746374476', '2006', 'Lorem ipsum dolor sit amet.', '8652187358525', '1'),
(2576, 1, 1, 7, 1, 'The Go-Between', '370', '980.2401 LP ', '1133706585501', '2006', 'Lorem ipsum dolor sit amet.', '7457531831243', '1'),
(2574, 1, 1, 7, 1, 'Tess of the D''Urbervilles', '276', '980.6217 Tho', '1133712050147', '2006', 'Lorem ipsum dolor sit amet.', '8142472715022', '1'),
(2572, 1, 1, 7, 1, 'Far From the Madding Crowd', '781', '980.3807 Tho', '1133742566467', '2006', 'Lorem ipsum dolor sit amet.', '4681248728574', '1'),
(2573, 1, 1, 6, 1, 'Jude the Obscure', '883', '980.7411 Tho', '1133767081518', '2006', 'Lorem ipsum dolor sit amet.', '8135711151287', '1'),
(2571, 1, 1, 1, 1, 'The Well of Loneliness', '148', '980.6680 Rad', '1133768303402', '2006', 'Lorem ipsum dolor sit amet.', '4787325783446', '1'),
(2569, 1, 1, 4, 1, 'Living', '521', '980.7132 Hen', '1133760218432', '2006', 'Lorem ipsum dolor sit amet.', '3123836852827', '1'),
(2570, 1, 1, 1, 1, 'The End of the Affair', '561', '980.5167 Gra', '1133755888502', '2006', 'Lorem ipsum dolor sit amet.', '8651183043701', '1'),
(2567, 1, 1, 2, 1, 'Sunset Song', '870', '980.1222 Lew', '1133748855262', '2006', 'Lorem ipsum dolor sit amet.', '3238341532274', '1'),
(2568, 1, 1, 6, 1, 'The Sorrows of Young Werther', '526', '980.8667 Joh', '1133766472474', '2006', 'Lorem ipsum dolor sit amet.', '8555444130302', '1'),
(2566, 1, 1, 3, 1, 'Strait is the Gate', '696', '980.5372 And', '1133781866365', '2006', 'Lorem ipsum dolor sit amet.', '4213785673870', '1'),
(2565, 1, 1, 1, 1, 'Ruth', '81', '980.3724 Eli', '1133753256161', '2006', 'Lorem ipsum dolor sit amet.', '8261201045483', '1'),
(2564, 1, 1, 5, 1, 'The Snow Goose', '933', '980.6615 Pau', '1133703373833', '2006', 'Lorem ipsum dolor sit amet.', '6840022273143', '1'),
(2563, 1, 1, 4, 1, 'The French Lieutenant''s Woman', '426', '980.7621 Joh', '1133744385428', '2006', 'Lorem ipsum dolor sit amet.', '4566871341643', '1'),
(2562, 1, 1, 1, 1, 'A Room with a View', '536', '980.1047 EM ', '1133718415800', '2006', 'Lorem ipsum dolor sit amet.', '5225333404714', '1'),
(2561, 1, 1, 8, 1, 'The Good Soldier', '481', '980.1527 For', '1133753501455', '2006', 'Lorem ipsum dolor sit amet.', '2221455845804', '1'),
(2560, 1, 1, 6, 1, 'Madame Bovary', '950', '980.5388 Gus', '1133734754735', '2006', 'Lorem ipsum dolor sit amet.', '3330081773863', '1'),
(2559, 1, 1, 3, 1, 'The Blue Flower', '447', '980.4458 Pen', '1133787605587', '2006', 'Lorem ipsum dolor sit amet.', '7257861237273', '1'),
(2558, 1, 1, 8, 1, 'Tender is the Night', '938', '980.7623 F S', '1133716848825', '2006', 'Lorem ipsum dolor sit amet.', '3703251803354', '1'),
(2557, 1, 1, 5, 1, 'The Great Gatsby', '356', '980.7270 F S', '1133763050416', '2006', 'Lorem ipsum dolor sit amet.', '3388477286268', '1'),
(2556, 1, 1, 8, 1, 'The Virgin Suicides', '372', '980.7715 Jef', '1133720125644', '2006', 'Lorem ipsum dolor sit amet.', '7358341387466', '1'),
(2555, 1, 1, 5, 1, 'The Mill on the Floss', '347', '980.8517 Geo', '1133744271154', '2006', 'Lorem ipsum dolor sit amet.', '0187704888052', '1'),
(2554, 1, 1, 8, 1, 'Daniel Deronda', '9', '980.5524 Geo', '1133718566048', '2006', 'Lorem ipsum dolor sit amet.', '4547435205582', '1'),
(2553, 1, 1, 8, 1, 'Adam Bede', '715', '980.1063 Geo', '1133782316643', '2006', 'Lorem ipsum dolor sit amet.', '0443033432086', '1'),
(2552, 1, 1, 8, 1, 'The Lover', '876', '980.6100 Mar', '1133774445306', '2006', 'Lorem ipsum dolor sit amet.', '6647275784041', '1'),
(2551, 1, 1, 1, 1, 'Rebecca', '29', '980.0335 Dap', '1133781348530', '2006', 'Lorem ipsum dolor sit amet.', '2187107465674', '1'),
(2550, 1, 1, 2, 1, 'The Parasites', '871', '980.4644 Dap', '1133787116210', '2006', 'Lorem ipsum dolor sit amet.', '2800555062766', '1'),
(2549, 1, 1, 8, 1, 'The Princess of Cleves', '192', '980.5877 Mad', '1133756086065', '2006', 'Lorem ipsum dolor sit amet.', '3087424860071', '1'),
(2547, 1, 1, 1, 1, 'Cheri', '0', '980.8617 Sid', '1133747025137', '2006', 'Lorem ipsum dolor sit amet.', '8066432267233', '1'),
(2548, 1, 1, 4, 1, 'Victory: An Island Tale', '315', '980.7234 Jos', '1133772002521', '2006', 'Lorem ipsum dolor sit amet.', '5415646127236', '1'),
(2546, 1, 1, 7, 1, 'Claudine a l''ecole', '163', '980.7170 Sid', '1133758774553', '2006', 'Lorem ipsum dolor sit amet.', '4855014327183', '1'),
(2545, 1, 1, 5, 1, 'A Lost Lady', '56', '980.1418 Wil', '1133764560443', '2006', 'Lorem ipsum dolor sit amet.', '1674766358676', '1'),
(2544, 1, 1, 7, 1, 'My Antonia', '16', '980.7372 Wil', '1133727226675', '2006', 'Lorem ipsum dolor sit amet.', '0634464553541', '1'),
(2543, 1, 1, 6, 1, 'A Month in the Country', '305', '980.4763 JL ', '1133731532258', '2006', 'Lorem ipsum dolor sit amet.', '4600361627250', '1'),
(2542, 1, 1, 2, 1, 'Oscar and Lucinda', '904', '980.3428 Pet', '1133741134704', '2006', 'Lorem ipsum dolor sit amet.', '1747860436576', '1'),
(2541, 1, 1, 7, 1, 'Breakfast at Tiffany''s', '339', '980.6852 Tru', '1133780056453', '2006', 'Lorem ipsum dolor sit amet.', '2138107783785', '1'),
(2540, 1, 1, 3, 1, 'Possession', '573', '980.0341 AS ', '1133746358638', '2006', 'Lorem ipsum dolor sit amet.', '5063175570667', '1'),
(2539, 1, 1, 6, 1, 'Rubyfruit Jungle', '982', '980.2884 Rit', '1133725314383', '2006', 'Lorem ipsum dolor sit amet.', '0867808164308', '1'),
(2538, 1, 1, 4, 1, 'Look At Me', '246', '980.5331 Ani', '1133723570278', '2006', 'Lorem ipsum dolor sit amet.', '3860432657087', '1'),
(2537, 1, 1, 4, 1, 'Wuthering Heights', '563', '980.1722 Emi', '1133785011515', '2006', 'Lorem ipsum dolor sit amet.', '7725636327361', '1'),
(2536, 1, 1, 6, 1, 'Vilette', '967', '980.8513 Cha', '1133788511760', '2006', 'Lorem ipsum dolor sit amet.', '1506011440123', '1'),
(2535, 1, 1, 1, 1, 'Jane Eyre', '383', '980.6718 Cha', '1133708843763', '2006', 'Lorem ipsum dolor sit amet.', '3776605065303', '1'),
(2533, 1, 1, 4, 1, 'The Death of the Heart', '538', '980.5274 Eli', '1133743711813', '2006', 'Lorem ipsum dolor sit amet.', '0425558008051', '1'),
(2534, 1, 1, 5, 1, 'The Heat of the Day', '182', '980.7276 Eli', '1133787061425', '2006', 'Lorem ipsum dolor sit amet.', '0224741677027', '1'),
(2531, 1, 1, 2, 1, 'More Die of Heartbreak', '735', '980.3276 Sau', '1133731577280', '2006', 'Lorem ipsum dolor sit amet.', '0263323817446', '1'),
(2532, 1, 1, 2, 1, 'Lorna Doone', '396', '980.3155 RD ', '1133788607887', '2006', 'Lorem ipsum dolor sit amet.', '0731480455087', '1'),
(2530, 1, 1, 2, 1, 'Love for Lydia', '978', '980.3038 HE ', '1133718068258', '2006', 'Lorem ipsum dolor sit amet.', '7727683853600', '1'),
(2528, 1, 1, 6, 1, 'Nightwood', '3', '980.4828 Dju', '1133773838068', '2006', 'Lorem ipsum dolor sit amet.', '7385253554482', '1'),
(2529, 1, 1, 4, 1, 'The Garden of the Finzi-Cortinis', '32', '980.4655 Gio', '1133731806360', '2006', 'Lorem ipsum dolor sit amet.', '5643742874257', '1'),
(2527, 1, 1, 6, 1, 'Giovanni''s Room', '192', '980.0841 Jam', '1133701428158', '2006', 'Lorem ipsum dolor sit amet.', '2112715602301', '1'),
(2526, 1, 1, 1, 1, 'Persuasion', '454', '980.4271 Jan', '1133780834548', '2006', 'Lorem ipsum dolor sit amet.', '2703736424522', '1'),
(2525, 1, 1, 2, 1, 'Emma', '680', '980.8174 Jan', '1133746321487', '2006', 'Lorem ipsum dolor sit amet.', '6762550325388', '1'),
(2524, 1, 1, 1, 1, 'Mansfield Park', '311', '980.4307 Jan', '1133775156413', '2006', 'Lorem ipsum dolor sit amet.', '3248041308265', '1'),
(2523, 1, 1, 1, 1, 'Pride and Prejudice', '196', '980.8383 Jan', '1133741333456', '2006', 'Lorem ipsum dolor sit amet.', '6014540023437', '1'),
(2522, 1, 1, 5, 1, 'Sense and Sensibility', '915', '980.7713 Jan', '1133765431664', '2006', 'Lorem ipsum dolor sit amet.', '2537440820230', '1'),
(2521, 1, 1, 4, 1, 'Northanger Abbey', '364', '980.2854 Jan', '1133747852817', '2006', 'Lorem ipsum dolor sit amet.', '3737084585355', '1'),
(2520, 1, 1, 5, 1, 'Dom Casmurro Joaquim', '95', '980.4173 Mar', '1133784351155', '2006', 'Lorem ipsum dolor sit amet.', '5058802542472', '1'),
(2519, 1, 1, 1, 1, 'Le Grand Meaulnes', '102', '980.3025 Hen', '1133728427443', '2006', 'Lorem ipsum dolor sit amet.', '2502604130266', '1'),
(2518, 1, 1, 1, 1, 'Swiss Family Robinson', '891', '980.1033 Joh', '1133771100324', '2006', 'Lorem ipsum dolor sit amet.', '4520488625603', '1'),
(2517, 1, 1, 3, 1, 'Mrs Dalloway', '122', '980.2272 Vir', '1133754746303', '2006', 'Lorem ipsum dolor sit amet.', '6024181488387', '1'),
(2516, 1, 1, 6, 1, 'To the Lighthouse', '598', '980.7661 Vir', '1133764430713', '2006', 'Lorem ipsum dolor sit amet.', '0258631122838', '1'),
(2515, 1, 1, 1, 1, 'I''ll Go to Bed at Noon', '311', '980.1462 Ger', '1133715377586', '2006', 'Lorem ipsum dolor sit amet.', '3516527576553', '1'),
(2514, 1, 1, 3, 1, 'Oranges Are Not the Only Fruit', '768', '980.0708 Jea', '1133712335663', '2006', 'Lorem ipsum dolor sit amet.', '2406227826727', '1'),
(2512, 1, 1, 6, 1, 'The Tree of Man', '501', '980.7214 Pat', '1133752610583', '2006', 'Lorem ipsum dolor sit amet.', '5443441278243', '1'),
(2513, 1, 1, 8, 1, 'The Picture of Dorian Gray', '554', '980.5545 Osc', '1133705032536', '2006', 'Lorem ipsum dolor sit amet.', '3856687506267', '1'),
(2511, 1, 1, 5, 1, 'Frost in May', '660', '980.7503 Ant', '1133758407431', '2006', 'Lorem ipsum dolor sit amet.', '7370118172257', '1'),
(2510, 1, 1, 2, 1, 'The Fountain Overflows', '269', '980.0166 Reb', '1133707468352', '2006', 'Lorem ipsum dolor sit amet.', '4340111374446', '1'),
(2508, 1, 1, 1, 1, 'Morvern Callar', '565', '980.2032 Ala', '1133740056754', '2006', 'Lorem ipsum dolor sit amet.', '0056807587718', '1'),
(2509, 1, 1, 8, 1, 'The History of Mr Polly', '905', '980.0875 HG ', '1133775260287', '2006', 'Lorem ipsum dolor sit amet.', '8825837725283', '1'),
(2507, 1, 1, 8, 1, 'Jimmy Corrigan, The Smarest Kid on Earth', '787', '980.2423 Chr', '1133755557168', '2006', 'Lorem ipsum dolor sit amet.', '8134624822024', '1'),
(2506, 1, 1, 4, 1, 'The Color Purple', '975', '980.5757 Ali', '1133722525863', '2006', 'Lorem ipsum dolor sit amet.', '1346841745140', '1'),
(2505, 1, 1, 6, 1, 'The Rabbit Omnibus', '540', '980.6411 Joh', '1133704433233', '2006', 'Lorem ipsum dolor sit amet.', '0578188612536', '1'),
(2503, 1, 1, 3, 1, 'Fathers and Sons', '549', '980.7204 Iva', '1133712642640', '2006', 'Lorem ipsum dolor sit amet.', '8863243565258', '1'),
(2504, 1, 1, 6, 1, 'Peace in War', '749', '980.7711 Mig', '1133728510231', '2006', 'Lorem ipsum dolor sit amet.', '1721702653823', '1'),
(2501, 1, 1, 1, 1, 'The Blackwater Lightship', '624', '980.5802 Col', '1133765334611', '2006', 'Lorem ipsum dolor sit amet.', '2253174215125', '1'),
(2502, 1, 1, 8, 1, 'Death in Summer', '832', '980.0243 Wil', '1133745340113', '2006', 'Lorem ipsum dolor sit amet.', '2327404642784', '1'),
(2500, 1, 1, 2, 1, 'Lark Rise to Candleford', '831', '980.4446 Flo', '1133706431484', '2006', 'Lorem ipsum dolor sit amet.', '5144205724340', '1'),
(2498, 1, 1, 5, 1, 'The Magnificent Ambersons', '203', '980.7428 Boo', '1133767823675', '2006', 'Lorem ipsum dolor sit amet.', '8813604380284', '1'),
(2499, 1, 1, 8, 1, 'Angel', '42', '980.7134 Eli', '1133763173803', '2006', 'Lorem ipsum dolor sit amet.', '8241171070584', '1'),
(2497, 1, 1, 2, 1, 'Confessions of Zeno', '982', '980.4868 Ita', '1133747184721', '2006', 'Lorem ipsum dolor sit amet.', '1770701886552', '1'),
(2495, 1, 1, 1, 1, 'East of Eden', '561', '980.0651 Joh', '1133740887852', '2006', 'Lorem ipsum dolor sit amet.', '5120738072035', '1'),
(2496, 1, 1, 4, 1, 'Ballet Shoes', '426', '980.7678 Noe', '1133715238076', '2006', 'Lorem ipsum dolor sit amet.', '5585068455450', '1'),
(2493, 1, 1, 7, 1, 'On Beauty', '473', '980.6172 Zad', '1133781817215', '2006', 'Lorem ipsum dolor sit amet.', '6611640254217', '1'),
(2494, 1, 1, 7, 1, 'The Man Who Loved Children', '335', '980.8578 Chr', '1133773268604', '2006', 'Lorem ipsum dolor sit amet.', '4672501820252', '1'),
(2492, 1, 1, 6, 1, 'A Thousand Acres', '183', '980.7241 Jan', '1133708086126', '2006', 'Lorem ipsum dolor sit amet.', '2272555044710', '1'),
(2490, 1, 1, 7, 1, 'The Three Sisters', '191', '980.8476 May', '1133772161723', '2006', 'Lorem ipsum dolor sit amet.', '1608806306451', '1'),
(2491, 1, 1, 1, 1, 'The Family Moskat or The Manor or The Estate', '311', '980.0085 Isa', '1133736440175', '2006', 'Lorem ipsum dolor sit amet.', '1470342404577', '1'),
(2489, 1, 1, 6, 1, 'We Need to Talk About Kevin', '572', '980.0153 Lio', '1133744380184', '2006', 'Lorem ipsum dolor sit amet.', '0726212743838', '1'),
(2487, 1, 1, 4, 1, 'A Suitable Boy', '624', '980.3387 Vik', '1133776031170', '2006', 'Lorem ipsum dolor sit amet.', '7855038576634', '1'),
(2488, 1, 1, 2, 1, 'Unless', '557', '980.4730 Car', '1133786442505', '2006', 'Lorem ipsum dolor sit amet.', '0767668823517', '1'),
(2486, 1, 1, 7, 1, 'Alberta and Jacob', '783', '980.4821 Cor', '1133701144467', '2006', 'Lorem ipsum dolor sit amet.', '0007854045652', '1'),
(2485, 1, 1, 1, 1, 'The Catcher in the Rye', '117', '980.7542 JD ', '1133723730383', '2006', 'Lorem ipsum dolor sit amet.', '7277300415548', '1'),
(2484, 1, 1, 2, 1, 'The God of Small Things', '459', '980.6252 Aru', '1133748675004', '2006', 'Lorem ipsum dolor sit amet.', '6262653371300', '1'),
(2483, 1, 1, 4, 1, 'Julie, ou la Nouvelle Heloise', '839', '980.3483 Jea', '1133740408286', '2006', 'Lorem ipsum dolor sit amet.', '2110131524083', '1'),
(2482, 1, 1, 8, 1, 'Call it Sleep', '47', '980.0473 Hen', '1133775760026', '2006', 'Lorem ipsum dolor sit amet.', '0060732088637', '1'),
(2481, 1, 1, 1, 1, 'The Fortunes of Richard Mahoney', '639', '980.2624 Hen', '1133786380086', '2006', 'Lorem ipsum dolor sit amet.', '4530375150312', '1'),
(2480, 1, 1, 7, 1, 'Pointed Roofs', '615', '980.8541 Dor', '1133776228411', '2006', 'Lorem ipsum dolor sit amet.', '4040304864827', '1'),
(2479, 1, 1, 4, 1, 'A Married Man', '532', '980.4764 Pie', '1133771035334', '2006', 'Lorem ipsum dolor sit amet.', '3305183342524', '1'),
(2478, 1, 1, 6, 1, 'Remembrance of Things Past', '286', '980.8555 Mar', '1133714455841', '2006', 'Lorem ipsum dolor sit amet.', '1831886620276', '1'),
(2477, 1, 1, 2, 1, 'The Shipping News', '103', '980.4482 E A', '1133786553512', '2006', 'Lorem ipsum dolor sit amet.', '6225861418176', '1'),
(2476, 1, 1, 4, 1, 'The Good Companions', '720', '980.4162 JB ', '1133701875174', '2006', 'Lorem ipsum dolor sit amet.', '4571022340368', '1'),
(2475, 1, 1, 3, 1, 'My Name Is Asher Lev', '735', '980.0823 Cha', '1133745437456', '2006', 'Lorem ipsum dolor sit amet.', '4881327838571', '1'),
(2474, 1, 1, 7, 1, 'The Bell Jar', '30', '980.2348 Syl', '1133741072105', '2006', 'Lorem ipsum dolor sit amet.', '3177026068717', '1'),
(2473, 1, 1, 8, 1, 'The Moviegoer', '877', '980.5488 Wal', '1133740081676', '2006', 'Lorem ipsum dolor sit amet.', '1236585865522', '1'),
(2472, 1, 1, 3, 1, 'Teach Us to Outgrow Our Madness', '647', '980.5823 Kez', '1133706857577', '2006', 'Lorem ipsum dolor sit amet.', '5313176381026', '1'),
(2471, 1, 1, 2, 1, 'At-Swim-Two-Birds', '303', '980.4417 Fla', '1133704557064', '2006', 'Lorem ipsum dolor sit amet.', '7818823681534', '1'),
(2470, 1, 1, 7, 1, 'A House for Mr Biswas', '241', '980.2625 VS ', '1133702545682', '2006', 'Lorem ipsum dolor sit amet.', '5240630076618', '1'),
(2469, 1, 1, 4, 1, 'The Man Without Qualities', '406', '980.4864 Rob', '1133718531638', '2006', 'Lorem ipsum dolor sit amet.', '1284270421307', '1'),
(2468, 1, 1, 3, 1, 'The Black Prince', '629', '980.3543 Iri', '1133757745036', '2006', 'Lorem ipsum dolor sit amet.', '1156045351712', '1'),
(2467, 1, 1, 2, 1, 'Who Do You Think You Are?', '816', '980.4088 Ali', '1133753783812', '2006', 'Lorem ipsum dolor sit amet.', '6450127034533', '1'),
(2466, 1, 1, 4, 1, 'Song of Solomon', '78', '980.6468 Ton', '1133718281320', '2006', 'Lorem ipsum dolor sit amet.', '1618748477751', '1'),
(2465, 1, 1, 6, 1, 'The Bluest Eye', '586', '980.7830 Ton', '1133744634378', '2006', 'Lorem ipsum dolor sit amet.', '8830422586513', '1'),
(2464, 1, 1, 2, 1, 'The Lonely Passion of Judith Hearne', '572', '980.0522 Bri', '1133728373662', '2006', 'Lorem ipsum dolor sit amet.', '6520574178748', '1'),
(2463, 1, 1, 5, 1, 'Sour Sweet', '858', '980.0018 Tim', '1133734611087', '2006', 'Lorem ipsum dolor sit amet.', '2132483408273', '1'),
(2462, 1, 1, 6, 1, 'Family Matters', '530', '980.1651 Roh', '1133743552441', '2006', 'Lorem ipsum dolor sit amet.', '8130064313188', '1'),
(2461, 1, 1, 4, 1, 'The Ordeal of Richard Feverek', '507', '980.0260 Geo', '1133788310462', '2006', 'Lorem ipsum dolor sit amet.', '7712244728346', '1'),
(2460, 1, 1, 1, 1, 'The Rector''s Daughter', '79', '980.7530 FM ', '1133744787216', '2006', 'Lorem ipsum dolor sit amet.', '6132864608703', '1'),
(2459, 1, 1, 8, 1, 'The Chateau', '675', '980.5237 Wil', '1133723810438', '2006', 'Lorem ipsum dolor sit amet.', '8172473341582', '1'),
(2458, 1, 1, 8, 1, 'Buddenbrooks', '679', '980.2757 Tho', '1133764762174', '2006', 'Lorem ipsum dolor sit amet.', '8884864735114', '1'),
(2457, 1, 1, 4, 1, 'The Assistant', '153', '980.1188 Ber', '1133756812724', '2006', 'Lorem ipsum dolor sit amet.', '0478042332354', '1'),
(2456, 1, 1, 5, 1, 'Palace Walk', '791', '980.5857 Nag', '1133726122531', '2006', 'Lorem ipsum dolor sit amet.', '1063811800542', '1'),
(2455, 1, 1, 3, 1, 'The Member of the Wedding', '614', '980.6867 Car', '1133735636468', '2006', 'Lorem ipsum dolor sit amet.', '7024528367755', '1'),
(2453, 1, 1, 5, 1, 'Martin Eden', '910', '980.5730 Jac', '1133751850611', '2006', 'Lorem ipsum dolor sit amet.', '1435600230182', '1'),
(2454, 1, 1, 1, 1, 'Under the Volcano', '979', '980.7688 Mal', '1133721770282', '2006', 'Lorem ipsum dolor sit amet.', '2705371008841', '1'),
(2452, 1, 1, 8, 1, 'How Green was My Valley', '469', '980.8715 Ric', '1133773266863', '2006', 'Lorem ipsum dolor sit amet.', '1255056078547', '1'),
(2450, 1, 1, 8, 1, 'Invitation to the Waltz', '276', '980.1432 Ros', '1133784522104', '2006', 'Lorem ipsum dolor sit amet.', '7603523756434', '1'),
(2451, 1, 1, 8, 1, 'The Golden Notebook', '889', '980.3085 Dor', '1133716558021', '2006', 'Lorem ipsum dolor sit amet.', '2000742082554', '1'),
(2448, 1, 1, 4, 1, 'Sons and Lovers', '332', '980.1483 DH ', '1133733712646', '2006', 'Lorem ipsum dolor sit amet.', '1563627035208', '1'),
(2449, 1, 1, 6, 1, 'Cider with Rosie', '391', '980.7615 Lau', '1133726307141', '2006', 'Lorem ipsum dolor sit amet.', '1651010847041', '1'),
(2447, 1, 1, 1, 1, 'The Buddha of Suburbia', '331', '980.4385 Han', '1133723788760', '2006', 'Lorem ipsum dolor sit amet.', '6354236525563', '1'),
(2445, 1, 1, 7, 1, 'Memet my Hawk', '420', '980.8243 Yas', '1133723371877', '2006', 'Lorem ipsum dolor sit amet.', '3120444431814', '1'),
(2446, 1, 1, 2, 1, 'One Flew Over the Cuckoo''s Nest', '773', '980.5685 Ken', '1133788463631', '2006', 'Lorem ipsum dolor sit amet.', '1111677833250', '1'),
(2444, 1, 1, 6, 1, 'Good Behaviour', '74', '980.7246 Mol', '1133776854383', '2006', 'Lorem ipsum dolor sit amet.', '6151843026545', '1'),
(2442, 1, 1, 7, 1, 'A Portrait of the Artist as a Young Man', '495', '980.7554 Jam', '1133732243785', '2006', 'Lorem ipsum dolor sit amet.', '3751323106145', '1'),
(2443, 1, 1, 2, 1, 'Ulysses', '258', '980.5373 Jam', '1133775033212', '2006', 'Lorem ipsum dolor sit amet.', '1488566112440', '1'),
(2441, 1, 1, 3, 1, 'The Unfortunates', '881', '980.3627 BS ', '1133754303384', '2006', 'Lorem ipsum dolor sit amet.', '3042042485362', '1'),
(2439, 1, 1, 6, 1, 'Washington Square', '764', '980.1524 Hen', '1133734353274', '2006', 'Lorem ipsum dolor sit amet.', '3638134483861', '1'),
(2440, 1, 1, 4, 1, 'The Tortoise and the Hare', '660', '980.4641 Eli', '1133724145072', '2006', 'Lorem ipsum dolor sit amet.', '3878123753044', '1'),
(2438, 1, 1, 3, 1, 'The Ambassadors', '911', '980.5043 Hen', '1133781862652', '2006', 'Lorem ipsum dolor sit amet.', '4772777857364', '1'),
(2436, 1, 1, 1, 1, 'Tom Brown''s Schooldays', '153', '980.2520 Tho', '1133727571760', '2006', 'Lorem ipsum dolor sit amet.', '8431287573370', '1'),
(2437, 1, 1, 1, 1, 'A Prayer for Owen Meany', '609', '980.2064 Joh', '1133724764104', '2006', 'Lorem ipsum dolor sit amet.', '4255460023711', '1'),
(2435, 1, 1, 7, 1, 'The Three Paradoxes', '332', '980.4816 Pau', '1133730804737', '2006', 'Lorem ipsum dolor sit amet.', '3516021430637', '1'),
(2434, 1, 1, 4, 1, 'Narziss and Goldmund', '452', '980.3868 Her', '1133788723610', '2006', 'Lorem ipsum dolor sit amet.', '4353062636328', '1'),
(2432, 1, 1, 1, 1, 'The Old Man and the Sea', '527', '980.4527 Ern', '1133710613314', '2006', 'Lorem ipsum dolor sit amet.', '3271751444178', '1'),
(2433, 1, 1, 2, 1, 'Steppenwolf', '88', '980.6816 Her', '1133767627455', '2006', 'Lorem ipsum dolor sit amet.', '8463278216400', '1'),
(2430, 1, 1, 7, 1, 'Hunger', '851', '980.0273 Knu', '1133744562644', '2006', 'Lorem ipsum dolor sit amet.', '8204337101238', '1'),
(2431, 1, 1, 4, 1, 'The Shrimp and the Anemone', '71', '980.0615 LP ', '1133740436275', '2006', 'Lorem ipsum dolor sit amet.', '7545415250817', '1'),
(2429, 1, 1, 4, 1, 'The Power and the Glory', '255', '980.2777 Gra', '1133743036210', '2006', 'Lorem ipsum dolor sit amet.', '3134342475306', '1'),
(2427, 1, 1, 5, 1, 'The Vatican Cellars', '706', '980.6350 And', '1133781871353', '2006', 'Lorem ipsum dolor sit amet.', '2304776878826', '1'),
(2428, 1, 1, 5, 1, 'The Vicar of Wakefield', '830', '980.1361 Oli', '1133760366461', '2006', 'Lorem ipsum dolor sit amet.', '2507471815218', '1'),
(2426, 1, 1, 7, 1, 'The Immoralist', '961', '980.6004 And', '1133727038411', '2006', 'Lorem ipsum dolor sit amet.', '8544876068157', '1'),
(2424, 1, 1, 4, 1, 'The Man of Property', '570', '980.8223 Joh', '1133782251565', '2006', 'Lorem ipsum dolor sit amet.', '1517788503363', '1'),
(2425, 1, 1, 2, 1, 'Mary Barton', '829', '980.2456 Eli', '1133717003282', '2006', 'Lorem ipsum dolor sit amet.', '4528601536133', '1'),
(2423, 1, 1, 5, 1, 'Hideous Kinky', '931', '980.0627 Est', '1133765384078', '2006', 'Lorem ipsum dolor sit amet.', '8544330443800', '1'),
(2421, 1, 1, 3, 1, 'Howards End', '765', '980.6814 EM ', '1133748041071', '2006', 'Lorem ipsum dolor sit amet.', '1725034016216', '1'),
(2422, 1, 1, 6, 1, 'Spies', '611', '980.3600 Mic', '1133786186256', '2006', 'Lorem ipsum dolor sit amet.', '2674000814152', '1'),
(2420, 1, 1, 1, 1, 'The Sportswriter', '620', '980.8122 Ric', '1133738513488', '2006', 'Lorem ipsum dolor sit amet.', '3741386604845', '1'),
(2419, 1, 1, 6, 1, 'The Sound and the Fury', '873', '980.6545 Wil', '1133760202203', '2006', 'Lorem ipsum dolor sit amet.', '5815760206482', '1'),
(2418, 1, 1, 5, 1, 'As I Lay Dying', '101', '980.4341 Wil', '1133772546328', '2006', 'Lorem ipsum dolor sit amet.', '0207036238487', '1'),
(2417, 1, 1, 8, 1, 'Middlesex', '492', '980.1261 Jef', '1133736084617', '2006', 'Lorem ipsum dolor sit amet.', '8868330211500', '1'),
(2416, 1, 1, 8, 1, 'The Gathering', '726', '980.2464 Ann', '1133746883548', '2006', 'Lorem ipsum dolor sit amet.', '0328644874824', '1'),
(2415, 1, 1, 2, 1, 'Silence', '560', '980.8826 Shu', '1133788718278', '2006', 'Lorem ipsum dolor sit amet.', '2217773363887', '1'),
(2414, 1, 1, 6, 1, 'My Family and Other Animals', '749', '980.6001 Ger', '1133751158162', '2006', 'Lorem ipsum dolor sit amet.', '1055875524436', '1'),
(2413, 1, 1, 3, 1, 'The Millstone', '341', '980.6706 Mar', '1133754445433', '2006', 'Lorem ipsum dolor sit amet.', '5784555271124', '1'),
(2412, 1, 1, 3, 1, 'My New York Diary', '560', '980.6300 Jul', '1133748051546', '2006', 'Lorem ipsum dolor sit amet.', '3463531226384', '1'),
(2411, 1, 1, 5, 1, 'The Brothers Karamazov', '254', '980.3775 Fyo', '1133755767503', '2006', 'Lorem ipsum dolor sit amet.', '8175340152362', '1'),
(2409, 1, 1, 6, 1, 'Roxana', '640', '980.8578 Dan', '1133704441711', '2006', 'Lorem ipsum dolor sit amet.', '4043516336322', '1'),
(2410, 1, 1, 7, 1, 'Great Expectations', '134', '980.6568 Cha', '1133765800477', '2006', 'Lorem ipsum dolor sit amet.', '4462180201057', '1'),
(2408, 1, 1, 4, 1, 'The Mandarins', '206', '980.4263 Sim', '1133730514480', '2006', 'Lorem ipsum dolor sit amet.', '8075418154244', '1'),
(2407, 1, 1, 7, 1, 'Quarantine', '304', '980.1443 Jim', '1133733465432', '2006', 'Lorem ipsum dolor sit amet.', '4252720320237', '1'),
(2406, 1, 1, 5, 1, 'Being Dead', '665', '980.0235 Jim', '1133745406174', '2006', 'Lorem ipsum dolor sit amet.', '7572242753451', '1'),
(2405, 1, 1, 1, 1, 'Manservant and Maidservant', '112', '980.3534 Ivy', '1133725082832', '2006', 'Lorem ipsum dolor sit amet.', '5466084252730', '1'),
(2404, 1, 1, 1, 1, 'The Vagabond', '575', '980.2708 Sid', '1133744813418', '2006', 'Lorem ipsum dolor sit amet.', '3514530733633', '1'),
(2403, 1, 1, 8, 1, 'Les Enfants Terrible', '741', '980.4501 Jea', '1133767164813', '2006', 'Lorem ipsum dolor sit amet.', '1425612202357', '1'),
(2402, 1, 1, 4, 1, 'The Awakening', '944', '980.3644 Kat', '1133748457067', '2006', 'Lorem ipsum dolor sit amet.', '1855222568584', '1'),
(2401, 1, 1, 5, 1, 'The Wapshot Chronicle', '163', '980.1040 Joh', '1133780337388', '2006', 'Lorem ipsum dolor sit amet.', '4165470757645', '1'),
(2400, 1, 1, 6, 1, 'The Professor''s House', '784', '980.1378 Wil', '1133780548542', '2006', 'Lorem ipsum dolor sit amet.', '1662124463722', '1'),
(2398, 1, 1, 1, 1, 'The Outsider', '283', '980.1854 Alb', '1133780571857', '2006', 'Lorem ipsum dolor sit amet.', '4285031622765', '1'),
(2399, 1, 1, 6, 1, 'Wise Children', '90', '980.8367 Ang', '1133757035821', '2006', 'Lorem ipsum dolor sit amet.', '6462668216122', '1'),
(2396, 1, 1, 3, 1, 'The Way of All Flesh', '416', '980.8643 Sam', '1133775485058', '2006', 'Lorem ipsum dolor sit amet.', '7453613633031', '1'),
(2397, 1, 1, 1, 1, 'The Sound of my Voice', '829', '980.0246 Ron', '1133784621120', '2006', 'Lorem ipsum dolor sit amet.', '0710172073682', '1'),
(2395, 1, 1, 1, 1, 'Evelina', '860', '980.2240 Fan', '1133767547543', '2006', 'Lorem ipsum dolor sit amet.', '8216735627445', '1'),
(2393, 1, 1, 6, 1, 'Any Human Heart', '430', '980.6012 Wil', '1133722775235', '2006', 'Lorem ipsum dolor sit amet.', '3866254752028', '1'),
(2394, 1, 1, 8, 1, 'The Death of Virgil', '641', '980.7211 Her', '1133762540168', '2006', 'Lorem ipsum dolor sit amet.', '7753163683500', '1'),
(2392, 1, 1, 7, 1, 'Two Serious Ladies', '629', '980.2555 Jan', '1133761361740', '2006', 'Lorem ipsum dolor sit amet.', '7272455520737', '1'),
(2391, 1, 1, 6, 1, 'Extinction', '271', '980.1414 Tho', '1133736810163', '2006', 'Lorem ipsum dolor sit amet.', '4052161741411', '1'),
(2390, 1, 1, 1, 1, 'G', '5', '980.3268 Joh', '1133714863261', '2006', 'Lorem ipsum dolor sit amet.', '1227010545763', '1'),
(2389, 1, 1, 7, 1, 'The Old Wives'' Tale', '184', '980.6273 Arn', '1133751276822', '2006', 'Lorem ipsum dolor sit amet.', '3180044557384', '1'),
(2388, 1, 1, 7, 1, 'Humboldt''s Gift', '498', '980.1447 Sau', '1133706348514', '2006', 'Lorem ipsum dolor sit amet.', '8237674636458', '1'),
(2387, 1, 1, 2, 1, 'Herzog', '381', '980.0515 Sau', '1133781343524', '2006', 'Lorem ipsum dolor sit amet.', '1831257015062', '1'),
(2386, 1, 1, 4, 1, 'A Legacy', '631', '980.5157 Syb', '1133753153022', '2006', 'Lorem ipsum dolor sit amet.', '6407084324003', '1'),
(2384, 1, 1, 6, 1, 'Fun Home', '767', '980.8606 Ali', '1133787310563', '2006', 'Lorem ipsum dolor sit amet.', '1777358221160', '1'),
(2385, 1, 1, 2, 1, 'Malone Dies', '127', '980.8121 Sam', '1133746177554', '2006', 'Lorem ipsum dolor sit amet.', '2125361207657', '1'),
(2383, 1, 1, 8, 1, 'The L Shaped Room', '317', '980.2260 Lyn', '1133732671168', '2006', 'Lorem ipsum dolor sit amet.', '5341787024305', '1'),
(2381, 1, 1, 7, 1, 'Le Pere Goriot', '966', '980.6655 Hon', '1133734384102', '2006', 'Lorem ipsum dolor sit amet.', '4834123554808', '1'),
(2382, 1, 1, 4, 1, 'The Crow Road', '165', '980.8126 Iai', '1133760147066', '2006', 'Lorem ipsum dolor sit amet.', '8164832851887', '1'),
(2380, 1, 1, 5, 1, 'Eugenie Grandet', '979', '980.6767 Hon', '1133756754825', '2006', 'Lorem ipsum dolor sit amet.', '8637635767746', '1'),
(2379, 1, 1, 3, 1, 'Room Temperature', '895', '980.7187 Nic', '1133772571484', '2006', 'Lorem ipsum dolor sit amet.', '7626843238270', '1'),
(2378, 1, 1, 1, 1, 'Epileptic', '828', '980.0557 Dav', '1133716463427', '2006', 'Lorem ipsum dolor sit amet.', '5385510065206', '1'),
(2377, 1, 1, 5, 1, 'Cat''s Eye', '857', '980.0105 Mar', '1133704856628', '2006', 'Lorem ipsum dolor sit amet.', '1885738404283', '1'),
(2376, 1, 1, 8, 1, 'Behind the Scenes at the Museum', '497', '980.0125 Kat', '1133734832872', '2006', 'Lorem ipsum dolor sit amet.', '1277100237818', '1'),
(2374, 1, 1, 5, 1, 'The Face of Another', '80', '980.2534 Kob', '1133730184004', '2006', 'Lorem ipsum dolor sit amet.', '0281271316213', '1'),
(2375, 1, 1, 4, 1, 'Little Women', '150', '980.7752 Lou', '1133738111538', '2006', 'Lorem ipsum dolor sit amet.', '8545507160528', '1'),
(2373, 1, 1, 7, 1, 'Therese Raquin', '652', '980.4022 Emi', '1133780046412', '2006', 'Lorem ipsum dolor sit amet.', '0301211731434', '1'),
(2371, 1, 1, 8, 1, 'Fingersmith', '377', '980.8601 Sar', '1133773750183', '2006', 'Lorem ipsum dolor sit amet.', '3411036486374', '1'),
(2372, 1, 1, 4, 1, 'Native Son', '702', '980.0574 Ric', '1133773013651', '2006', 'Lorem ipsum dolor sit amet.', '6583436478408', '1'),
(2370, 1, 1, 8, 1, 'The Four Just Men', '175', '980.2163 Edg', '1133778646480', '2006', 'Lorem ipsum dolor sit amet.', '0802265700714', '1'),
(2369, 1, 1, 5, 1, 'King Solomon''s Carpet', '426', '980.2700 Bar', '1133723346467', '2006', 'Lorem ipsum dolor sit amet.', '4443035134070', '1'),
(2367, 1, 1, 5, 1, 'A Dark-Adapted Eye', '341', '980.5236 Bar', '1133756410381', '2006', 'Lorem ipsum dolor sit amet.', '2541284228516', '1');
INSERT INTO `media` (`id`, `type_id`, `format_id`, `genre_id`, `library_id`, `title`, `length`, `call_number`, `barcode`, `copyright`, `description`, `isbn`, `edition`) VALUES
(2368, 1, 1, 5, 1, 'A Fatal inversion', '175', '980.1576 Bar', '1133705301834', '2006', 'Lorem ipsum dolor sit amet.', '7426830172264', '1'),
(2366, 1, 1, 3, 1, 'Pudd''nhead Wilson', '685', '980.8805 Mar', '1133721501842', '2006', 'Lorem ipsum dolor sit amet.', '7776743332203', '1'),
(2364, 1, 1, 3, 1, 'The Daughter of Time', '941', '980.3226 Jos', '1133732555222', '2006', 'Lorem ipsum dolor sit amet.', '7535126833354', '1'),
(2365, 1, 1, 6, 1, 'The Getaway', '555', '980.4214 Jim', '1133731401070', '2006', 'Lorem ipsum dolor sit amet.', '2767658643664', '1'),
(2363, 1, 1, 2, 1, 'The Secret History', '925', '980.3674 Don', '1133722135557', '2006', 'Lorem ipsum dolor sit amet.', '3518565764285', '1'),
(2361, 1, 1, 4, 1, 'The League of Frightened Men', '351', '980.0706 Rex', '1133743306740', '2006', 'Lorem ipsum dolor sit amet.', '1644464025430', '1'),
(2362, 1, 1, 2, 1, 'Perfume', '397', '980.6546 Pat', '1133733412512', '2006', 'Lorem ipsum dolor sit amet.', '5255056666180', '1'),
(2360, 1, 1, 8, 1, 'Of Mice and Men', '374', '980.7518 Joh', '1133702624226', '2006', 'Lorem ipsum dolor sit amet.', '3760785511104', '1'),
(2358, 1, 1, 7, 1, 'The Laughing Policeman', '53', '980.1165 Maj', '1133756147201', '2006', 'Lorem ipsum dolor sit amet.', '2220527510640', '1'),
(2359, 1, 1, 7, 1, 'Gorky Park', '620', '980.6786 Mar', '1133713732782', '2006', 'Lorem ipsum dolor sit amet.', '5215585007724', '1'),
(2357, 1, 1, 1, 1, 'The Blue Room', '327', '980.2488 Geo', '1133774222530', '2006', 'Lorem ipsum dolor sit amet.', '5023201063183', '1'),
(2356, 1, 1, 7, 1, 'The Madman of Bergerac', '569', '980.2236 Geo', '1133738565777', '2006', 'Lorem ipsum dolor sit amet.', '3786884576862', '1'),
(2355, 1, 1, 6, 1, 'Murder Must Advertise', '984', '980.6586 Dor', '1133731703212', '2006', 'Lorem ipsum dolor sit amet.', '3005310605705', '1'),
(2354, 1, 1, 7, 1, 'Whose Body?', '870', '980.4588 Dor', '1133736130218', '2006', 'Lorem ipsum dolor sit amet.', '5320537142355', '1'),
(2353, 1, 1, 2, 1, 'Dissolution', '610', '980.1504 CJ ', '1133784835142', '2006', 'Lorem ipsum dolor sit amet.', '3545616102267', '1'),
(2351, 1, 1, 1, 1, 'Judgment in Stone', '597', '980.6211 Rut', '1133774211171', '2006', 'Lorem ipsum dolor sit amet.', '7663822336208', '1'),
(2352, 1, 1, 7, 1, 'Live Flesh', '701', '980.6642 Rut', '1133751133132', '2006', 'Lorem ipsum dolor sit amet.', '8602454313231', '1'),
(2350, 1, 1, 4, 1, 'Exit Music', '219', '980.1712 Ian', '1133751507005', '2006', 'Lorem ipsum dolor sit amet.', '2886807184761', '1'),
(2349, 1, 1, 3, 1, 'The Hanging Gardens', '548', '980.6025 Ian', '1133747787805', '2006', 'Lorem ipsum dolor sit amet.', '3762070133232', '1'),
(2347, 1, 1, 1, 1, 'The Crying of Lot 49', '851', '980.3336 Tho', '1133713634415', '2006', 'Lorem ipsum dolor sit amet.', '7670042283856', '1'),
(2348, 1, 1, 5, 1, 'Black and Blue', '59', '980.3021 Ian', '1133723642745', '2006', 'Lorem ipsum dolor sit amet.', '7624678554530', '1'),
(2345, 1, 1, 6, 1, 'The Godfather', '382', '980.4533 Mar', '1133713601840', '2006', 'Lorem ipsum dolor sit amet.', '3200816341085', '1'),
(2346, 1, 1, 1, 1, 'V', '353', '980.4202 Tho', '1133750133625', '2006', 'Lorem ipsum dolor sit amet.', '4487187464270', '1'),
(2344, 1, 1, 3, 1, 'Lush Life', '281', '980.8273 Ric', '1133727511644', '2006', 'Lorem ipsum dolor sit amet.', '3544163155042', '1'),
(2342, 1, 1, 8, 1, 'The Big Blowdown', '10', '980.5626 Geo', '1133761871634', '2006', 'Lorem ipsum dolor sit amet.', '8318223805516', '1'),
(2343, 1, 1, 4, 1, 'Hard Revolution', '882', '980.8473 Geo', '1133777443042', '2006', 'Lorem ipsum dolor sit amet.', '3146340630045', '1'),
(2341, 1, 1, 2, 1, 'Nineteen Seventy Seven', '216', '980.2872 Dav', '1133753057515', '2006', 'Lorem ipsum dolor sit amet.', '2182855523026', '1'),
(2340, 1, 1, 5, 1, 'Nineteen Seventy Four', '634', '980.2220 Dav', '1133740461518', '2006', 'Lorem ipsum dolor sit amet.', '3520457001787', '1'),
(2338, 1, 1, 6, 1, 'Toxic Shock', '757', '980.2504 Sar', '1133783762364', '2006', 'Lorem ipsum dolor sit amet.', '2084786023666', '1'),
(2339, 1, 1, 2, 1, 'Blacklist', '496', '980.7286 Sar', '1133705508315', '2006', 'Lorem ipsum dolor sit amet.', '2101114231132', '1'),
(2337, 1, 1, 5, 1, 'My Name is Red', '185', '980.1815 Orh', '1133762763477', '2006', 'Lorem ipsum dolor sit amet.', '7714247581802', '1'),
(2336, 1, 1, 2, 1, 'The Strange Borders of Palace Crescent', '853', '980.0886 E P', '1133764217824', '2006', 'Lorem ipsum dolor sit amet.', '1310057252021', '1'),
(2335, 1, 1, 1, 1, 'The Great Impersonation', '817', '980.7602 E P', '1133760844540', '2006', 'Lorem ipsum dolor sit amet.', '6273444038738', '1'),
(2334, 1, 1, 2, 1, 'Devil in a Blue Dress', '965', '980.7136 Wal', '1133713251867', '2006', 'Lorem ipsum dolor sit amet.', '8837211615787', '1'),
(2333, 1, 1, 6, 1, 'Sidetracked', '921', '980.1348 Hen', '1133772157607', '2006', 'Lorem ipsum dolor sit amet.', '6547004842131', '1'),
(2332, 1, 1, 1, 1, 'Enduring Love', '473', '980.6880 Ian', '1133760428486', '2006', 'Lorem ipsum dolor sit amet.', '5080863258678', '1'),
(2331, 1, 1, 7, 1, 'No Country for Old Men', '353', '980.7485 Cor', '1133776001462', '2006', 'Lorem ipsum dolor sit amet.', '5616547833583', '1'),
(2330, 1, 1, 5, 1, 'Cop Hater', '526', '980.0823 Ed ', '1133757755724', '2006', 'Lorem ipsum dolor sit amet.', '7740842271003', '1'),
(2329, 1, 1, 2, 1, 'The Bourne Identity', '937', '980.2812 Rob', '1133760763680', '2006', 'Lorem ipsum dolor sit amet.', '0076450170342', '1'),
(2328, 1, 1, 6, 1, 'Motherless Brooklyn', '330', '980.5267 Jon', '1133772233420', '2006', 'Lorem ipsum dolor sit amet.', '1688075835221', '1'),
(2327, 1, 1, 4, 1, 'Get Shorty', '494', '980.0412 Elm', '1133748533220', '2006', 'Lorem ipsum dolor sit amet.', '5534442666670', '1'),
(2326, 1, 1, 2, 1, '52 Pick-up', '625', '980.1370 Elm', '1133787073870', '2006', 'Lorem ipsum dolor sit amet.', '6881457484328', '1'),
(2112, 1, 1, 8, 1, 'Ennui', '54', '980.8154 Mar', '1133707642588', '2006', 'Lorem ipsum dolor sit amet.', '6524652810125', '1'),
(2084, 1, 1, 4, 1, 'According to Queeney', '214', '980.3727 Ber', '1133783730764', '2006', 'Lorem ipsum dolor sit amet.', '2818704375180', '1'),
(2085, 1, 1, 5, 1, 'Flaubert''s Parrot', '367', '980.1030 Jul', '1133773460377', '2006', 'Lorem ipsum dolor sit amet.', '3817450215223', '1'),
(2086, 1, 1, 4, 1, 'Augustus Carp, Esq.', '955', '980.5226 Him', '1133742542244', '2006', 'Lorem ipsum dolor sit amet.', '3578017341013', '1'),
(2087, 1, 1, 2, 1, 'Molloy', '15', '980.0502 Sam', '1133710448445', '2006', 'Lorem ipsum dolor sit amet.', '2340211358037', '1'),
(2088, 1, 1, 3, 1, 'Zuleika Dobson', '512', '980.8626 Max', '1133750850014', '2006', 'Lorem ipsum dolor sit amet.', '4324734857668', '1'),
(2325, 1, 1, 1, 1, 'To Kill a Mockingbird', '650', '980.4666 Har', '1133774172730', '2006', 'Lorem ipsum dolor sit amet.', '4381710516644', '1'),
(2324, 1, 1, 3, 1, 'The Spy Who Came in from the Cold', '659', '980.5543 Joh', '1133741283025', '2006', 'Lorem ipsum dolor sit amet.', '5734230002157', '1'),
(2323, 1, 1, 7, 1, 'Tinker, Tailor, Soldier, Spy', '33', '980.8638 Joh', '1133707445083', '2006', 'Lorem ipsum dolor sit amet.', '4734437440402', '1'),
(2322, 1, 1, 1, 1, 'The Constant Gardener', '504', '980.3460 Joh', '1133762361235', '2006', 'Lorem ipsum dolor sit amet.', '5660284287713', '1'),
(2321, 1, 1, 1, 1, 'Kim', '22', '980.3486 Rud', '1133765458347', '2006', 'Lorem ipsum dolor sit amet.', '1727102504148', '1'),
(2320, 1, 1, 6, 1, 'Dolores Claiborne', '366', '980.5715 Ste', '1133762377581', '2006', 'Lorem ipsum dolor sit amet.', '0831861057608', '1'),
(2319, 1, 1, 4, 1, 'Misery', '984', '980.3850 Ste', '1133718730284', '2006', 'Lorem ipsum dolor sit amet.', '5722256861510', '1'),
(2318, 1, 1, 2, 1, 'Friday the Rabbi Slept Late', '799', '980.1404 Har', '1133732026748', '2006', 'Lorem ipsum dolor sit amet.', '7187383068587', '1'),
(2317, 1, 1, 4, 1, 'A Taste for Death', '274', '980.0013 PD ', '1133732656102', '2006', 'Lorem ipsum dolor sit amet.', '5850531525466', '1'),
(2316, 1, 1, 8, 1, 'Cover Her Face', '27', '980.6613 PD ', '1133732468610', '2006', 'Lorem ipsum dolor sit amet.', '1465174080461', '1'),
(2315, 1, 1, 5, 1, 'Death at the President''s Lodging', '127', '980.7242 Mic', '1133758717625', '2006', 'Lorem ipsum dolor sit amet.', '1734550561530', '1'),
(2314, 1, 1, 3, 1, 'Silence of the Grave', '350', '980.6411 Arn', '1133737370524', '2006', 'Lorem ipsum dolor sit amet.', '4104175380234', '1'),
(2313, 1, 1, 7, 1, 'Malice Aforethought', '208', '980.8648 Fra', '1133702284431', '2006', 'Lorem ipsum dolor sit amet.', '7722058570276', '1'),
(2312, 1, 1, 1, 1, 'Rogue Male', '220', '980.5072 Geo', '1133755306580', '2006', 'Lorem ipsum dolor sit amet.', '1121102015600', '1'),
(2311, 1, 1, 7, 1, 'Miss Smilla''s Feeling for Snow', '92', '980.0751 Pet', '1133714651042', '2006', 'Lorem ipsum dolor sit amet.', '5411320057882', '1'),
(2310, 1, 1, 2, 1, 'A Rage in Harlem', '988', '980.2576 Che', '1133708832354', '2006', 'Lorem ipsum dolor sit amet.', '1231724240365', '1'),
(2309, 1, 1, 4, 1, 'Bones and Silence', '284', '980.0528 Reg', '1133715833660', '2006', 'Lorem ipsum dolor sit amet.', '1811555345135', '1'),
(2308, 1, 1, 4, 1, 'The Talented Mr Ripley', '146', '980.7582 Pat', '1133757565817', '2006', 'Lorem ipsum dolor sit amet.', '3153545681735', '1'),
(2307, 1, 1, 3, 1, 'Strangers on a Train', '590', '980.1041 Pat', '1133732084864', '2006', 'Lorem ipsum dolor sit amet.', '6737702855125', '1'),
(2306, 1, 1, 7, 1, 'The Friends of Eddie Coyle', '551', '980.8734 Geo', '1133713213232', '2006', 'Lorem ipsum dolor sit amet.', '7712101430510', '1'),
(2305, 1, 1, 5, 1, 'Tourist Season', '499', '980.8086 Car', '1133748284813', '2006', 'Lorem ipsum dolor sit amet.', '2535024440488', '1'),
(2304, 1, 1, 4, 1, 'Red Dragon', '574', '980.4680 Tho', '1133755062154', '2006', 'Lorem ipsum dolor sit amet.', '3858683813351', '1'),
(2303, 1, 1, 3, 1, 'Black Sunday', '279', '980.5405 Tho', '1133722722686', '2006', 'Lorem ipsum dolor sit amet.', '4827121201554', '1'),
(2302, 1, 1, 5, 1, 'Fatherland', '85', '980.3757 Rob', '1133748700164', '2006', 'Lorem ipsum dolor sit amet.', '8734355822481', '1'),
(2301, 1, 1, 8, 1, 'The Thin Man', '153', '980.2430 Das', '1133712062638', '2006', 'Lorem ipsum dolor sit amet.', '6763520462355', '1'),
(2300, 1, 1, 1, 1, 'Red Harvest', '245', '980.3505 Das', '1133761273454', '2006', 'Lorem ipsum dolor sit amet.', '5866678413150', '1'),
(2299, 1, 1, 4, 1, 'The Maltese Falcon', '888', '980.5303 Das', '1133745051223', '2006', 'Lorem ipsum dolor sit amet.', '3183833822740', '1'),
(2298, 1, 1, 4, 1, 'The Glass Key', '768', '980.1828 Das', '1133732455334', '2006', 'Lorem ipsum dolor sit amet.', '1510176204661', '1'),
(2297, 1, 1, 6, 1, 'Hangover Square', '333', '980.6814 Pat', '1133737274154', '2006', 'Lorem ipsum dolor sit amet.', '1667824228616', '1'),
(2296, 1, 1, 4, 1, 'The King of Torts', '248', '980.0580 Joh', '1133704685628', '2006', 'Lorem ipsum dolor sit amet.', '8386757474815', '1'),
(2295, 1, 1, 2, 1, 'A Time to Kill', '98', '980.2205 Joh', '1133777184264', '2006', 'Lorem ipsum dolor sit amet.', '6526230264158', '1'),
(2294, 1, 1, 6, 1, 'The Third Man', '985', '980.0202 Gra', '1133730732505', '2006', 'Lorem ipsum dolor sit amet.', '1848508063504', '1'),
(2293, 1, 1, 4, 1, 'The Ministry of Fear', '669', '980.3455 Gra', '1133778537120', '2006', 'Lorem ipsum dolor sit amet.', '4515602024824', '1'),
(2292, 1, 1, 4, 1, 'A Gun for Sale', '707', '980.4441 Gra', '1133748540428', '2006', 'Lorem ipsum dolor sit amet.', '0788366163687', '1'),
(2291, 1, 1, 1, 1, 'Brighton Rock', '64', '980.4380 Gra', '1133711100124', '2006', 'Lorem ipsum dolor sit amet.', '6027001654280', '1'),
(2290, 1, 1, 8, 1, 'The Day of the Jackal', '750', '980.1830 Fre', '1133737140653', '2006', 'Lorem ipsum dolor sit amet.', '0680553820403', '1'),
(2289, 1, 1, 3, 1, 'You Only Live Twice', '748', '980.5841 Ian', '1133751331752', '2006', 'Lorem ipsum dolor sit amet.', '8817466250141', '1'),
(2288, 1, 1, 1, 1, 'Goldfinger', '726', '980.8352 Ian', '1133772553301', '2006', 'Lorem ipsum dolor sit amet.', '8467445785712', '1'),
(2287, 1, 1, 2, 1, 'Casino Royale', '448', '980.2643 Ian', '1133767506524', '2006', 'Lorem ipsum dolor sit amet.', '0635786001657', '1'),
(2286, 1, 1, 5, 1, 'Sanctuary', '329', '980.1086 Wil', '1133702085024', '2006', 'Lorem ipsum dolor sit amet.', '7175035208131', '1'),
(2285, 1, 1, 8, 1, 'A Quiet Belief in Angels', '613', '980.5777 RJ ', '1133762680753', '2006', 'Lorem ipsum dolor sit amet.', '8453283171341', '1'),
(2284, 1, 1, 3, 1, 'The Big Nowhere', '613', '980.4733 Jam', '1133776234362', '2006', 'Lorem ipsum dolor sit amet.', '3077417835380', '1'),
(2283, 1, 1, 1, 1, 'LA Confidential', '214', '980.4703 Jam', '1133750543011', '2006', 'Lorem ipsum dolor sit amet.', '1007031143501', '1'),
(2282, 1, 1, 3, 1, 'American Psycho', '222', '980.7185 Bre', '1133722454380', '2006', 'Lorem ipsum dolor sit amet.', '3532773453738', '1'),
(2281, 1, 1, 4, 1, 'The Name of the Rose', '135', '980.5334 Umb', '1133732841858', '2006', 'Lorem ipsum dolor sit amet.', '0008280207865', '1'),
(2280, 1, 1, 3, 1, 'The Crime of Father Amado', '643', '980.8455 Jos', '1133745388634', '2006', 'Lorem ipsum dolor sit amet.', '3141382416474', '1'),
(2279, 1, 1, 2, 1, 'The Pledge', '335', '980.4552 Fri', '1133733288760', '2006', 'Lorem ipsum dolor sit amet.', '2064302357232', '1'),
(2278, 1, 1, 5, 1, 'The Count of Monte Cristo', '298', '980.3540 Ale', '1133768113230', '2006', 'Lorem ipsum dolor sit amet.', '3520268130821', '1'),
(2277, 1, 1, 4, 1, 'My Cousin Rachel', '286', '980.3228 Dap', '1133751714630', '2006', 'Lorem ipsum dolor sit amet.', '6073735472641', '1'),
(2276, 1, 1, 4, 1, 'An American Tragedy', '529', '980.2212 The', '1133752878457', '2006', 'Lorem ipsum dolor sit amet.', '4325070214217', '1'),
(2275, 1, 1, 3, 1, 'Crime and Punishment', '860', '980.2124 Fyo', '1133780347401', '2006', 'Lorem ipsum dolor sit amet.', '6484820870713', '1'),
(2274, 1, 1, 2, 1, 'Vendetta', '651', '980.2262 Mic', '1133725513215', '2006', 'Lorem ipsum dolor sit amet.', '2555344317560', '1'),
(2273, 1, 1, 6, 1, 'A Rich Full Death', '679', '980.8871 Mic', '1133708331128', '2006', 'Lorem ipsum dolor sit amet.', '2828360817818', '1'),
(2272, 1, 1, 5, 1, 'Dirty Tricks', '447', '980.6124 Mic', '1133702783104', '2006', 'Lorem ipsum dolor sit amet.', '1743205554188', '1'),
(2271, 1, 1, 4, 1, 'Dead Lagoon', '55', '980.3533 Mic', '1133708742455', '2006', 'Lorem ipsum dolor sit amet.', '3110376544023', '1'),
(2270, 1, 1, 7, 1, 'Ratking', '847', '980.0237 Mic', '1133742263763', '2006', 'Lorem ipsum dolor sit amet.', '3770674431348', '1'),
(2269, 1, 1, 1, 1, 'The Remorseful Day', '561', '980.0557 Col', '1133700378180', '2006', 'Lorem ipsum dolor sit amet.', '3025333256610', '1'),
(2268, 1, 1, 8, 1, 'Last Seen Wearing', '846', '980.7262 Col', '1133701810172', '2006', 'Lorem ipsum dolor sit amet.', '7345822353125', '1'),
(2267, 1, 1, 8, 1, 'The Ipcress File', '332', '980.1253 Len', '1133701542841', '2006', 'Lorem ipsum dolor sit amet.', '4052005164348', '1'),
(2266, 1, 1, 2, 1, 'Poetic Justice', '454', '980.8416 Ama', '1133757736021', '2006', 'Lorem ipsum dolor sit amet.', '6757201037500', '1'),
(2265, 1, 1, 3, 1, 'Jurassic Park', '710', '980.5348 Mic', '1133737221534', '2006', 'Lorem ipsum dolor sit amet.', '2005412630546', '1'),
(2264, 1, 1, 8, 1, 'The Andromeda Strain', '18', '980.6711 Mic', '1133716254667', '2006', 'Lorem ipsum dolor sit amet.', '8718026167353', '1'),
(2263, 1, 1, 2, 1, 'Postmortem', '271', '980.8452 Pat', '1133757377535', '2006', 'Lorem ipsum dolor sit amet.', '8081806204181', '1'),
(2262, 1, 1, 8, 1, 'Under Western Eyes', '417', '980.3566 Jos', '1133743747808', '2006', 'Lorem ipsum dolor sit amet.', '1645348117078', '1'),
(2261, 1, 1, 8, 1, 'The Secret Agent', '577', '980.7763 Jos', '1133762070152', '2006', 'Lorem ipsum dolor sit amet.', '3612157310307', '1'),
(2260, 1, 1, 4, 1, 'The Manchurian Candidate', '442', '980.1227 Ric', '1133761131202', '2006', 'Lorem ipsum dolor sit amet.', '6048668362011', '1'),
(2259, 1, 1, 7, 1, 'The Sign of Four', '541', '980.2508 Art', '1133747468484', '2006', 'Lorem ipsum dolor sit amet.', '4634527658407', '1'),
(2258, 1, 1, 1, 1, 'The Hound of the Baskervilles', '336', '980.4610 Art', '1133705383452', '2006', 'Lorem ipsum dolor sit amet.', '5770224826504', '1'),
(2257, 1, 1, 1, 1, 'A Study in Scarlet', '559', '980.3215 Art', '1133726210542', '2006', 'Lorem ipsum dolor sit amet.', '6686365750103', '1'),
(2256, 1, 1, 4, 1, 'The Moonstone', '841', '980.4185 Wil', '1133742428468', '2006', 'Lorem ipsum dolor sit amet.', '7245276351252', '1'),
(2255, 1, 1, 2, 1, 'The Woman in White', '988', '980.2182 Wil', '1133781045841', '2006', 'Lorem ipsum dolor sit amet.', '6165500573231', '1'),
(2254, 1, 1, 2, 1, 'The Secret Adversary', '749', '980.4024 Aga', '1133781743776', '2006', 'Lorem ipsum dolor sit amet.', '5813277153134', '1'),
(2253, 1, 1, 7, 1, 'The Murder at the Vicarage', '191', '980.4346 Aga', '1133745641786', '2006', 'Lorem ipsum dolor sit amet.', '1332336614861', '1'),
(2252, 1, 1, 1, 1, 'The Murder of Roger Ackroyd', '166', '980.7551 Aga', '1133772780667', '2006', 'Lorem ipsum dolor sit amet.', '0605557517551', '1'),
(2251, 1, 1, 4, 1, 'The Mysterious Affair at Styles', '947', '980.5214 Aga', '1133722187466', '2006', 'Lorem ipsum dolor sit amet.', '3061032708315', '1'),
(2250, 1, 1, 8, 1, 'And Then There Were None', '210', '980.2673 Aga', '1133740881233', '2006', 'Lorem ipsum dolor sit amet.', '8864873134214', '1'),
(2249, 1, 1, 4, 1, 'The Riddle of the Sands', '940', '980.6786 Ers', '1133720763275', '2006', 'Lorem ipsum dolor sit amet.', '8840054553706', '1'),
(2248, 1, 1, 8, 1, 'No Orchids for Miss Blandish', '627', '980.3114 Jam', '1133773325535', '2006', 'Lorem ipsum dolor sit amet.', '7518271627277', '1'),
(2247, 1, 1, 5, 1, 'The Long Goodbye', '51', '980.1158 Ray', '1133763426756', '2006', 'Lorem ipsum dolor sit amet.', '0056500181345', '1'),
(2246, 1, 1, 8, 1, 'The Big Sleep', '894', '980.2844 Ray', '1133767426104', '2006', 'Lorem ipsum dolor sit amet.', '7654082335700', '1'),
(2245, 1, 1, 2, 1, 'The Hollow Man', '846', '980.5131 Joh', '1133734607622', '2006', 'Lorem ipsum dolor sit amet.', '0760124386414', '1'),
(2244, 1, 1, 6, 1, 'True History of the Ned Kelly Gang', '183', '980.7653 Pet', '1133736702334', '2006', 'Lorem ipsum dolor sit amet.', '0062472123200', '1'),
(2243, 1, 1, 3, 1, 'Double Indemnity', '293', '980.8020 Jam', '1133722243583', '2006', 'Lorem ipsum dolor sit amet.', '2571725242837', '1'),
(2242, 1, 1, 4, 1, 'The Postman Always Rings Twice', '962', '980.8183 Jam', '1133704311377', '2006', 'Lorem ipsum dolor sit amet.', '8572242576271', '1'),
(2241, 1, 1, 1, 1, 'The Asphalt Jungle', '598', '980.2435 WR ', '1133705614306', '2006', 'Lorem ipsum dolor sit amet.', '3455064475540', '1'),
(2240, 1, 1, 8, 1, 'Greenmantle', '835', '980.0623 Joh', '1133785686330', '2006', 'Lorem ipsum dolor sit amet.', '4683871067577', '1'),
(2239, 1, 1, 8, 1, 'The Thirty-Nine Steps', '83', '980.7787 Joh', '1133700001778', '2006', 'Lorem ipsum dolor sit amet.', '1417530610714', '1'),
(2238, 1, 1, 6, 1, 'The Tin Roof Blowdown', '709', '980.2372 Jam', '1133724335020', '2006', 'Lorem ipsum dolor sit amet.', '1782605242800', '1'),
(2237, 1, 1, 7, 1, 'The Neon Rain', '214', '980.4580 Jam', '1133763541708', '2006', 'Lorem ipsum dolor sit amet.', '8444387003417', '1'),
(2236, 1, 1, 3, 1, 'Lady Audley''s Secret', '850', '980.6241 Mar', '1133768713527', '2006', 'Lorem ipsum dolor sit amet.', '3668173332681', '1'),
(2235, 1, 1, 3, 1, 'The Beast Must Die', '401', '980.6222 Nic', '1133782634373', '2006', 'Lorem ipsum dolor sit amet.', '6102623706658', '1'),
(2234, 1, 1, 6, 1, 'The Poisoned Chocolates Case', '710', '980.3013 Ant', '1133746860883', '2006', 'Lorem ipsum dolor sit amet.', '4201210870116', '1'),
(2233, 1, 1, 6, 1, 'Trent''s Last Case', '986', '980.4686 EC ', '1133735438443', '2006', 'Lorem ipsum dolor sit amet.', '0013610426485', '1'),
(2232, 1, 1, 8, 1, 'The New York Trilogy', '961', '980.7418 Pau', '1133763801111', '2006', 'Lorem ipsum dolor sit amet.', '2042104632678', '1'),
(2231, 1, 1, 8, 1, 'Journey into Fear', '230', '980.0570 Eri', '1133742860464', '2006', 'Lorem ipsum dolor sit amet.', '3127475464756', '1'),
(2230, 1, 1, 3, 1, 'Epitaph for a Spy', '186', '980.7743 Eri', '1133762035781', '2006', 'Lorem ipsum dolor sit amet.', '5332232248608', '1'),
(2229, 1, 1, 5, 1, 'The Mask of Dimitrios', '325', '980.3574 Eri', '1133752664476', '2006', 'Lorem ipsum dolor sit amet.', '1735546288277', '1'),
(2228, 1, 1, 8, 1, 'Fantomas', '132', '980.7507 Mar', '1133726808813', '2006', 'Lorem ipsum dolor sit amet.', '4233158141333', '1'),
(2227, 1, 1, 5, 1, 'The Man with the Golden Arm', '86', '980.2635 Nel', '1133733407530', '2006', 'Lorem ipsum dolor sit amet.', '1074315073357', '1'),
(2226, 1, 1, 2, 1, 'Joy in the Morning', '283', '980.8777 PG ', '1133712027437', '2006', 'Lorem ipsum dolor sit amet.', '6635014161411', '1'),
(2225, 1, 1, 3, 1, 'The Code of the Woosters', '914', '980.8636 PG ', '1133733241065', '2006', 'Lorem ipsum dolor sit amet.', '0434516425376', '1'),
(2224, 1, 1, 8, 1, 'Heavy Weather', '663', '980.5007 PG ', '1133734282768', '2006', 'Lorem ipsum dolor sit amet.', '3830367151218', '1'),
(2223, 1, 1, 1, 1, 'Thank You Jeeves', '337', '980.7165 PG ', '1133752676710', '2006', 'Lorem ipsum dolor sit amet.', '8403285430640', '1'),
(2222, 1, 1, 1, 1, 'Piccadilly Jim', '835', '980.0848 PG ', '1133726235584', '2006', 'Lorem ipsum dolor sit amet.', '6422274270628', '1'),
(2221, 1, 1, 4, 1, 'Something Fresh', '422', '980.7726 PG ', '1133770020625', '2006', 'Lorem ipsum dolor sit amet.', '3723322808157', '1'),
(2220, 1, 1, 5, 1, 'Anglo-Saxon Attitudes', '904', '980.0424 Ang', '1133746751360', '2006', 'Lorem ipsum dolor sit amet.', '5858516381515', '1'),
(2219, 1, 1, 6, 1, 'The Wimbledon Poisoner', '643', '980.3145 Nig', '1133714418535', '2006', 'Lorem ipsum dolor sit amet.', '0538457474360', '1'),
(2218, 1, 1, 8, 1, 'Molesworth', '781', '980.1830 Geo', '1133768704587', '2006', 'Lorem ipsum dolor sit amet.', '6812300036021', '1'),
(2217, 1, 1, 5, 1, 'Tono Bungay', '7', '980.3518 HG ', '1133708605647', '2006', 'Lorem ipsum dolor sit amet.', '2760345055460', '1'),
(2216, 1, 1, 6, 1, 'The Life and Loves of a She-Devil', '413', '980.7808 Fay', '1133787402328', '2006', 'Lorem ipsum dolor sit amet.', '2822303525350', '1'),
(2215, 1, 1, 3, 1, 'A Handful of Dust', '381', '980.1040 Eve', '1133745235158', '2006', 'Lorem ipsum dolor sit amet.', '5248218660371', '1'),
(2214, 1, 1, 7, 1, 'The Loved One', '569', '980.3337 Eve', '1133777685810', '2006', 'Lorem ipsum dolor sit amet.', '2706622134438', '1'),
(2213, 1, 1, 1, 1, 'Scoop', '449', '980.4036 Eve', '1133717245200', '2006', 'Lorem ipsum dolor sit amet.', '8228220731183', '1'),
(2212, 1, 1, 1, 1, 'Black Mischief', '883', '980.5877 Eve', '1133763445036', '2006', 'Lorem ipsum dolor sit amet.', '7302612370565', '1'),
(2211, 1, 1, 2, 1, 'Vile Bodies', '541', '980.4568 Eve', '1133735225510', '2006', 'Lorem ipsum dolor sit amet.', '2516042054674', '1'),
(2210, 1, 1, 7, 1, 'Decline and Fall', '423', '980.1570 Eve', '1133777850303', '2006', 'Lorem ipsum dolor sit amet.', '2276612364348', '1'),
(2209, 1, 1, 8, 1, 'Infinite Jest', '227', '980.3371 Dav', '1133733286571', '2006', 'Lorem ipsum dolor sit amet.', '8733254635321', '1'),
(2208, 1, 1, 8, 1, 'Breakfast of Champions', '13', '980.6406 Kur', '1133743003034', '2006', 'Lorem ipsum dolor sit amet.', '0803706846061', '1'),
(2207, 1, 1, 3, 1, 'The Witches of Eastwick', '107', '980.1182 Joh', '1133732241134', '2006', 'Lorem ipsum dolor sit amet.', '0676843806064', '1'),
(2206, 1, 1, 3, 1, 'The Mysterious Stranger', '854', '980.7771 Mar', '1133718434782', '2006', 'Lorem ipsum dolor sit amet.', '7314057265243', '1'),
(2205, 1, 1, 1, 1, 'Venus on the Half-Shell', '925', '980.4068 Kil', '1133787402788', '2006', 'Lorem ipsum dolor sit amet.', '1357487023530', '1'),
(2204, 1, 1, 8, 1, 'Barchester Towers', '618', '980.6835 Ant', '1133750316672', '2006', 'Lorem ipsum dolor sit amet.', '3780860627454', '1'),
(2203, 1, 1, 5, 1, 'A Confederacy of Dunces', '27', '980.8681 Joh', '1133732045827', '2006', 'Lorem ipsum dolor sit amet.', '7783048683880', '1'),
(2202, 1, 1, 1, 1, 'Tropic of Ruislip', '919', '980.2188 Les', '1133713070452', '2006', 'Lorem ipsum dolor sit amet.', '1401084133108', '1'),
(2201, 1, 1, 3, 1, 'Before Lunch', '381', '980.5077 Ang', '1133711223633', '2006', 'Lorem ipsum dolor sit amet.', '4302127215718', '1'),
(2200, 1, 1, 5, 1, 'The Luck of Barry Lyndon', '91', '980.6582 Wil', '1133754826142', '2006', 'Lorem ipsum dolor sit amet.', '3346303521885', '1'),
(2199, 1, 1, 2, 1, 'Penrod', '439', '980.8856 Boo', '1133757437552', '2006', 'Lorem ipsum dolor sit amet.', '8102421540488', '1'),
(2198, 1, 1, 8, 1, 'A Tale of a Tub', '490', '980.1047 Jon', '1133761677353', '2006', 'Lorem ipsum dolor sit amet.', '3147016718001', '1'),
(2197, 1, 1, 5, 1, 'Handley Cross', '413', '980.6607 RS ', '1133770706517', '2006', 'Lorem ipsum dolor sit amet.', '4772688860030', '1'),
(2196, 1, 1, 1, 1, 'White Man Falling', '511', '980.0048 Mik', '1133714516253', '2006', 'Lorem ipsum dolor sit amet.', '0501511112471', '1'),
(2195, 1, 1, 8, 1, 'The Life and Opinions of Tristram Shandy, Gentleman', '733', '980.1156 Lau', '1133775208202', '2006', 'Lorem ipsum dolor sit amet.', '2851163275077', '1'),
(2194, 1, 1, 3, 1, 'A Far Cry from Kensington', '216', '980.4116 Mur', '1133786720440', '2006', 'Lorem ipsum dolor sit amet.', '7661246504828', '1'),
(2193, 1, 1, 1, 1, 'Loitering with Intent', '715', '980.6584 Mur', '1133718161743', '2006', 'Lorem ipsum dolor sit amet.', '3120436137566', '1'),
(2192, 1, 1, 4, 1, 'The Driver''s Seat', '674', '980.7134 Mur', '1133702358426', '2006', 'Lorem ipsum dolor sit amet.', '4510662355457', '1'),
(2191, 1, 1, 3, 1, 'The Girls of Slender Means', '392', '980.8286 Mur', '1133736781021', '2006', 'Lorem ipsum dolor sit amet.', '3681608026302', '1'),
(2190, 1, 1, 3, 1, 'The Prime of Miss Jean Brodie', '704', '980.6253 Mur', '1133753818270', '2006', 'Lorem ipsum dolor sit amet.', '8075535318352', '1'),
(2189, 1, 1, 7, 1, 'The Expedition of Humphry Clinker', '223', '980.5057 Tob', '1133726721142', '2006', 'Lorem ipsum dolor sit amet.', '4105812730008', '1'),
(2188, 1, 1, 2, 1, 'The Adventures of Peregrine Pickle', '47', '980.6875 Tob', '1133702021787', '2006', 'Lorem ipsum dolor sit amet.', '8653745531852', '1'),
(2187, 1, 1, 3, 1, 'The Adventures of Roderick Random', '264', '980.3402 Tob', '1133725760544', '2006', 'Lorem ipsum dolor sit amet.', '3473801865743', '1'),
(2186, 1, 1, 8, 1, 'The Adventures of Ferdinand Count Fathom', '473', '980.1232 Tob', '1133730560820', '2006', 'Lorem ipsum dolor sit amet.', '8336462881043', '1'),
(2185, 1, 1, 4, 1, 'Topper Takes a Trip', '520', '980.7244 Tho', '1133756813744', '2006', 'Lorem ipsum dolor sit amet.', '5510543455328', '1'),
(2184, 1, 1, 1, 1, 'Moo', '443', '980.2873 Jan', '1133787713024', '2006', 'Lorem ipsum dolor sit amet.', '7148324431543', '1'),
(2183, 1, 1, 7, 1, 'Belles Lettres Papers: A Novel', '487', '980.2001 Cha', '1133703567675', '2006', 'Lorem ipsum dolor sit amet.', '6136803701278', '1'),
(2182, 1, 1, 1, 1, 'Office Politics', '557', '980.8502 Wil', '1133724721258', '2006', 'Lorem ipsum dolor sit amet.', '0082817404111', '1'),
(2181, 1, 1, 1, 1, 'Blott on the Landscape', '545', '980.0530 Tom', '1133725785764', '2006', 'Lorem ipsum dolor sit amet.', '2556613550140', '1'),
(2180, 1, 1, 1, 1, 'Porterhouse Blue', '353', '980.5757 Tom', '1133781361201', '2006', 'Lorem ipsum dolor sit amet.', '6231357261246', '1'),
(2179, 1, 1, 7, 1, 'Great Apes', '373', '980.4035 Wil', '1133764481275', '2006', 'Lorem ipsum dolor sit amet.', '5150771814260', '1'),
(2178, 1, 1, 3, 1, 'Hurrah for St Trinian''s', '894', '980.8604 Ron', '1133752341884', '2006', 'Lorem ipsum dolor sit amet.', '7015522054848', '1'),
(2177, 1, 1, 1, 1, 'The Unbearable Bassington', '378', '980.0604 Sak', '1133775857672', '2006', 'Lorem ipsum dolor sit amet.', '8281402374842', '1'),
(2176, 1, 1, 8, 1, 'The Westminster Alice', '978', '980.0504 Sak', '1133737326356', '2006', 'Lorem ipsum dolor sit amet.', '5448463207310', '1'),
(2175, 1, 1, 2, 1, 'Portnoy''s Complaint', '406', '980.3266 Phi', '1133768851041', '2006', 'Lorem ipsum dolor sit amet.', '4811885454703', '1'),
(2174, 1, 1, 5, 1, 'Alms for Oblivion', '400', '980.6834 Sim', '1133763204523', '2006', 'Lorem ipsum dolor sit amet.', '0710441816068', '1'),
(2173, 1, 1, 2, 1, 'Solomon Gursky Was Here', '671', '980.2080 Mor', '1133777072506', '2006', 'Lorem ipsum dolor sit amet.', '8053108625775', '1'),
(2172, 1, 1, 3, 1, 'Zazie in the Metro', '482', '980.4441 Ray', '1133756821681', '2006', 'Lorem ipsum dolor sit amet.', '7684081571315', '1'),
(2171, 1, 1, 3, 1, 'Less Than Angels', '531', '980.2402 Bar', '1133725543354', '2006', 'Lorem ipsum dolor sit amet.', '8702525805852', '1'),
(2170, 1, 1, 5, 1, 'Excellent Women', '535', '980.1672 Bar', '1133730375725', '2006', 'Lorem ipsum dolor sit amet.', '0767161421055', '1'),
(2169, 1, 1, 8, 1, 'A Time to be Born', '79', '980.4100 Daw', '1133720817435', '2006', 'Lorem ipsum dolor sit amet.', '3110805257787', '1'),
(2168, 1, 1, 1, 1, 'A Dance to the Music of Time', '686', '980.0848 Ant', '1133776802705', '2006', 'Lorem ipsum dolor sit amet.', '5724513242552', '1'),
(2167, 1, 1, 6, 1, 'My Search for Warren Harding', '379', '980.0436 Rob', '1133717278244', '2006', 'Lorem ipsum dolor sit amet.', '3636107117122', '1'),
(2166, 1, 1, 7, 1, 'La Vie Mode d''Emploi', '695', '980.0555 Geo', '1133735031018', '2006', 'Lorem ipsum dolor sit amet.', '4217832325462', '1'),
(2165, 1, 1, 1, 1, 'Les Revenentes', '195', '980.1748 Geo', '1133735601053', '2006', 'Lorem ipsum dolor sit amet.', '4283218142667', '1'),
(2164, 1, 1, 5, 1, 'La Disparition', '397', '980.5384 Geo', '1133703304062', '2006', 'Lorem ipsum dolor sit amet.', '2565503426862', '1'),
(2163, 1, 1, 6, 1, 'The Sacred Book of the Werewolf', '136', '980.5783 Vic', '1133730772606', '2006', 'Lorem ipsum dolor sit amet.', '6000332207545', '1'),
(2162, 1, 1, 2, 1, 'Fireflies', '724', '980.5035 Shi', '1133717242450', '2006', 'Lorem ipsum dolor sit amet.', '0531236221884', '1'),
(2161, 1, 1, 2, 1, 'Pale Fire', '766', '980.6176 Vla', '1133778544556', '2006', 'Lorem ipsum dolor sit amet.', '6410237665700', '1'),
(2160, 1, 1, 2, 1, 'Pnin', '548', '980.5728 Vla', '1133727887846', '2006', 'Lorem ipsum dolor sit amet.', '1387253370753', '1'),
(2159, 1, 1, 7, 1, 'Under the Net', '857', '980.5370 Iri', '1133734664123', '2006', 'Lorem ipsum dolor sit amet.', '8615527510446', '1'),
(2158, 1, 1, 8, 1, 'Titmuss Regained', '47', '980.2062 Joh', '1133762306501', '2006', 'Lorem ipsum dolor sit amet.', '2321340747126', '1'),
(2157, 1, 1, 3, 1, 'Charade', '883', '980.5205 Joh', '1133774765507', '2006', 'Lorem ipsum dolor sit amet.', '0077657523745', '1'),
(2156, 1, 1, 2, 1, 'The Restraint of Beasts', '871', '980.4340 Mag', '1133726522027', '2006', 'Lorem ipsum dolor sit amet.', '0081840218254', '1'),
(2155, 1, 1, 5, 1, 'Puckoon', '980', '980.1601 Spi', '1133755054805', '2006', 'Lorem ipsum dolor sit amet.', '4624038712078', '1'),
(2154, 1, 1, 5, 1, 'Bright Lights, Big City', '304', '980.7757 Jay', '1133748624464', '2006', 'Lorem ipsum dolor sit amet.', '7514850716027', '1'),
(2153, 1, 1, 6, 1, 'Tales of the City', '412', '980.7322 Arm', '1133744653115', '2006', 'Lorem ipsum dolor sit amet.', '6283233515088', '1'),
(2152, 1, 1, 4, 1, 'Cakes and Ale - Or, the Skeleton in the Cupboard', '556', '980.1533 W S', '1133737437515', '2006', 'Lorem ipsum dolor sit amet.', '0273880011845', '1'),
(2151, 1, 1, 4, 1, 'Memoirs of a Gnostic Dwarf', '393', '980.8084 Dav', '1133775656167', '2006', 'Lorem ipsum dolor sit amet.', '7368366648561', '1'),
(2150, 1, 1, 8, 1, 'Whisky Galore', '121', '980.1106 Com', '1133733145077', '2006', 'Lorem ipsum dolor sit amet.', '2171417403722', '1'),
(2149, 1, 1, 8, 1, 'England, Their England', '444', '980.0688 AG ', '1133721203553', '2006', 'Lorem ipsum dolor sit amet.', '1785852158528', '1'),
(2148, 1, 1, 3, 1, 'The Towers of Trebizond', '189', '980.3478 Ros', '1133771733863', '2006', 'Lorem ipsum dolor sit amet.', '0555457443434', '1'),
(2147, 1, 1, 1, 1, 'Nice Work', '290', '980.2644 Dav', '1133760680873', '2006', 'Lorem ipsum dolor sit amet.', '0005411880165', '1'),
(2146, 1, 1, 6, 1, 'Changing Places', '651', '980.6885 Dav', '1133787343652', '2006', 'Lorem ipsum dolor sit amet.', '6686001286784', '1'),
(2145, 1, 1, 6, 1, 'The Debt to Pleasure', '353', '980.7372 Joh', '1133727674113', '2006', 'Lorem ipsum dolor sit amet.', '4844626646262', '1'),
(2144, 1, 1, 8, 1, 'Death and the Penguin', '281', '980.7150 And', '1133771164433', '2006', 'Lorem ipsum dolor sit amet.', '6585116071674', '1'),
(2143, 1, 1, 1, 1, 'Lake Wobegon Days', '65', '980.4282 Gar', '1133786821240', '2006', 'Lorem ipsum dolor sit amet.', '2706417166500', '1'),
(2142, 1, 1, 8, 1, 'The Castle', '534', '980.2105 Fra', '1133768704004', '2006', 'Lorem ipsum dolor sit amet.', '3703186547621', '1'),
(2141, 1, 1, 2, 1, 'Finnegans Wake', '642', '980.7445 Jam', '1133736632643', '2006', 'Lorem ipsum dolor sit amet.', '0823420047728', '1'),
(2140, 1, 1, 1, 1, 'Three Men in a Boat', '343', '980.1621 Jer', '1133720600624', '2006', 'Lorem ipsum dolor sit amet.', '2385053036330', '1'),
(2139, 1, 1, 2, 1, 'Pictures from an Institution', '955', '980.1875 Ran', '1133756687871', '2006', 'Lorem ipsum dolor sit amet.', '3215620040583', '1'),
(2138, 1, 1, 5, 1, 'The Mighty Walzer Howard', '941', '980.3326 Jac', '1133767466233', '2006', 'Lorem ipsum dolor sit amet.', '8835350702676', '1'),
(2137, 1, 1, 6, 1, 'Mr Norris Changes Trains', '146', '980.8680 Chr', '1133718530885', '2006', 'Lorem ipsum dolor sit amet.', '2006106843328', '1'),
(2136, 1, 1, 7, 1, 'The Lecturer''s Tale', '871', '980.1358 Jam', '1133766414036', '2006', 'Lorem ipsum dolor sit amet.', '1087267276102', '1'),
(2135, 1, 1, 6, 1, 'I Served the King of England', '850', '980.7087 Boh', '1133756622341', '2006', 'Lorem ipsum dolor sit amet.', '2654755360826', '1'),
(2134, 1, 1, 1, 1, 'High Fidelity', '311', '980.0078 Nic', '1133742282058', '2006', 'Lorem ipsum dolor sit amet.', '1548770610365', '1'),
(2133, 1, 1, 5, 1, 'Mr Blandings Builds His Dream House', '557', '980.8145 Eri', '1133766864274', '2006', 'Lorem ipsum dolor sit amet.', '5855738882460', '1'),
(2132, 1, 1, 7, 1, 'Catch-22', '998', '980.8083 Jos', '1133755387466', '2006', 'Lorem ipsum dolor sit amet.', '7131012018108', '1'),
(2131, 1, 1, 4, 1, 'The Curious Incident of the Dog in the Night-time', '425', '980.6467 Mar', '1133700870260', '2006', 'Lorem ipsum dolor sit amet.', '3363006881126', '1'),
(2130, 1, 1, 3, 1, 'The Little World of Don Camillo', '263', '980.2010 Gio', '1133728713615', '2006', 'Lorem ipsum dolor sit amet.', '1806641552546', '1'),
(2129, 1, 1, 5, 1, 'Diary of a Nobody', '101', '980.0515 Geo', '1133784170801', '2006', 'Lorem ipsum dolor sit amet.', '4841472418523', '1'),
(2128, 1, 1, 1, 1, 'Travels with My Aunt', '59', '980.0848 Gra', '1133708783057', '2006', 'Lorem ipsum dolor sit amet.', '4771461833840', '1'),
(2127, 1, 1, 6, 1, 'Our Man in Havana', '654', '980.5212 Gra', '1133733737506', '2006', 'Lorem ipsum dolor sit amet.', '4315855635270', '1'),
(2126, 1, 1, 1, 1, 'Squire Haggard''s Journal', '171', '980.4435 Mic', '1133708848383', '2006', 'Lorem ipsum dolor sit amet.', '4517200813324', '1'),
(2125, 1, 1, 6, 1, 'Brewster''s Millions', '833', '980.0622 Ric', '1133724124662', '2006', 'Lorem ipsum dolor sit amet.', '6617741666213', '1'),
(2124, 1, 1, 6, 1, 'The Wind in the Willows', '917', '980.3202 Ken', '1133737784166', '2006', 'Lorem ipsum dolor sit amet.', '7711422726572', '1'),
(2123, 1, 1, 8, 1, 'Oblomov', '143', '980.4827 Iva', '1133747858785', '2006', 'Lorem ipsum dolor sit amet.', '3388210775475', '1'),
(2122, 1, 1, 8, 1, 'Dead Souls', '499', '980.6134 Nik', '1133773712731', '2006', 'Lorem ipsum dolor sit amet.', '8231573377137', '1'),
(2121, 1, 1, 3, 1, 'Cold Comfort Farm', '647', '980.4608 Ste', '1133730176226', '2006', 'Lorem ipsum dolor sit amet.', '6281475306865', '1'),
(2120, 1, 1, 1, 1, 'The Polygots', '319', '980.6288 Wil', '1133787638850', '2006', 'Lorem ipsum dolor sit amet.', '8643364863887', '1'),
(2119, 1, 1, 8, 1, 'Towards the End of the Morning', '390', '980.1844 Mic', '1133756463661', '2006', 'Lorem ipsum dolor sit amet.', '6763061750476', '1'),
(3047, 1, 1, 1, 1, 'Austerlitz', '112', '980.4876 WG ', '1133782748532', '2006', 'Lorem ipsum dolor sit amet.', '3280676042782', '1'),
(3048, 1, 1, 2, 1, 'Black Beauty', '922', '980.2073 Ann', '1133771566433', '2006', 'Lorem ipsum dolor sit amet.', '7011575863060', '1'),
(3049, 1, 1, 2, 1, 'The Young Lions', '322', '980.6360 Irw', '1133752447465', '2006', 'Lorem ipsum dolor sit amet.', '5500850432651', '1'),
(3050, 1, 1, 8, 1, 'A Town Like Alice', '810', '980.2583 Nev', '1133753124735', '2006', 'Lorem ipsum dolor sit amet.', '4528468410678', '1'),
(3051, 1, 1, 3, 1, 'Maus', '151', '980.1431 Art', '1133700536523', '2006', 'Lorem ipsum dolor sit amet.', '8362543414277', '1'),
(3052, 1, 1, 3, 1, 'The Charterhouse of Parma', '964', '980.3267 Ste', '1133735283540', '2006', 'Lorem ipsum dolor sit amet.', '3776371157612', '1'),
(3053, 1, 1, 3, 1, 'Cryptonomicon', '738', '980.5606 Nei', '1133778126670', '2006', 'Lorem ipsum dolor sit amet.', '2507227038040', '1'),
(3054, 1, 1, 7, 1, 'A Sentimental Journey', '506', '980.3372 Law', '1133762856746', '2006', 'Lorem ipsum dolor sit amet.', '2753636567605', '1'),
(3055, 1, 1, 7, 1, 'Kidnapped', '130', '980.6724 Rob', '1133758178263', '2006', 'Lorem ipsum dolor sit amet.', '0606777840036', '1'),
(3056, 1, 1, 6, 1, 'Treasure Island', '967', '980.3142 Rob', '1133738403561', '2006', 'Lorem ipsum dolor sit amet.', '2427407261546', '1'),
(3057, 1, 1, 5, 1, 'A Flag for Sunrise', '895', '980.6812 Rob', '1133717740300', '2006', 'Lorem ipsum dolor sit amet.', '8683820641017', '1'),
(3058, 1, 1, 5, 1, 'Sophie''s Choice', '124', '980.7613 Wil', '1133746877818', '2006', 'Lorem ipsum dolor sit amet.', '7507825575133', '1'),
(3059, 1, 1, 5, 1, 'Gulliver''s Travels', '554', '980.4407 Jon', '1133767115820', '2006', 'Lorem ipsum dolor sit amet.', '3767112544136', '1'),
(3060, 1, 1, 4, 1, 'War and Peace', '880', '980.5313 Leo', '1133700046437', '2006', 'Lorem ipsum dolor sit amet.', '2486781553524', '1'),
(3061, 1, 1, 7, 1, 'The Adventures of Huckleberry Finn', '431', '980.1203 Mar', '1133772312570', '2006', 'Lorem ipsum dolor sit amet.', '2883044470213', '1'),
(3062, 1, 1, 7, 1, 'Around the World in Eighty Days', '172', '980.7810 Jul', '1133721642507', '2006', 'Lorem ipsum dolor sit amet.', '6486823564251', '1'),
(3063, 1, 1, 8, 1, 'A Journey to the Centre of the Earth', '903', '980.2485 Jul', '1133762753524', '2006', 'Lorem ipsum dolor sit amet.', '3404033884863', '1'),
(3064, 1, 1, 1, 1, 'Williwaw', '493', '980.3318 Gor', '1133772775372', '2006', 'Lorem ipsum dolor sit amet.', '6030085565831', '1'),
(3065, 1, 1, 3, 1, 'Candide', '849', '980.2014 Vol', '1133717785461', '2006', 'Lorem ipsum dolor sit amet.', '4586816305564', '1'),
(3066, 1, 1, 7, 1, 'Slaughter-House Five', '195', '980.8307 Kur', '1133760614271', '2006', 'Lorem ipsum dolor sit amet.', '5854647611426', '1'),
(3067, 1, 1, 7, 1, 'Put Out More Flags', '886', '980.8216 Eve', '1133763370453', '2006', 'Lorem ipsum dolor sit amet.', '3486873812582', '1'),
(3068, 1, 1, 5, 1, 'Men at Arms', '24', '980.5125 Eve', '1133757138281', '2006', 'Lorem ipsum dolor sit amet.', '8012071770816', '1'),
(3069, 1, 1, 3, 1, 'The Island of Dr Moreau', '767', '980.0837 HG ', '1133705726330', '2006', 'Lorem ipsum dolor sit amet.', '6351121665725', '1'),
(3070, 1, 1, 4, 1, 'The Machine-Gunners', '982', '980.6654 Rob', '1133714873271', '2006', 'Lorem ipsum dolor sit amet.', '7000442205662', '1'),
(3071, 1, 1, 6, 1, 'Voss', '768', '980.1160 Pat', '1133700782235', '2006', 'Lorem ipsum dolor sit amet.', '8860168323620', '1'),
(3072, 1, 1, 4, 1, 'The Virginian', '61', '980.7343 Owe', '1133736883737', '2006', 'Lorem ipsum dolor sit amet.', '6478724465817', '1'),
(3073, 1, 1, 6, 1, 'The Caine Mutiny', '66', '980.8057 Her', '1133713016803', '2006', 'Lorem ipsum dolor sit amet.', '8617117823148', '1'),
(3074, 1, 1, 5, 1, 'The Debacle', '134', '980.2747 Emi', '1133761205818', '2006', 'Lorem ipsum dolor sit amet.', '8682376161560', '1'),
(3075, 1, 1, 3, 1, 'Spanish Concise Dictionary', '1000', '980.3803 ', '1133707348470', '2006', 'The HarperCollins Spanish Concise Dictionary, 3rd Edition offers up-to-date coverage of contemporary Spanish--from braodband to designer baby, botellon to emoticon.', '9780060575786', '3'),
(3078, 3, 6, 1, 1, 'The Patriot', '152', '980.8274 Mel', '1133776873771', '2001', 'Mel Gibson, Mel Gibson', '', '');

-- --------------------------------------------------------

--
-- Table structure for table `media_actor`
--

CREATE TABLE IF NOT EXISTS `media_actor` (
  `id` bigint(20) unsigned NOT NULL AUTO_INCREMENT,
  `media_id` bigint(20) unsigned NOT NULL,
  `person_id` bigint(20) unsigned NOT NULL,
  PRIMARY KEY (`id`)
) ENGINE=MyISAM  DEFAULT CHARSET=latin1 AUTO_INCREMENT=17 ;

--
-- Dumping data for table `media_actor`
--

INSERT INTO `media_actor` (`id`, `media_id`, `person_id`) VALUES
(16, 3078, 2049),
(15, 3077, 2048);

-- --------------------------------------------------------

--
-- Table structure for table `media_author`
--

CREATE TABLE IF NOT EXISTS `media_author` (
  `id` bigint(20) unsigned NOT NULL AUTO_INCREMENT,
  `media_id` bigint(20) unsigned NOT NULL,
  `person_id` bigint(20) unsigned NOT NULL,
  PRIMARY KEY (`id`)
) ENGINE=MyISAM  DEFAULT CHARSET=latin1 AUTO_INCREMENT=3093 ;

--
-- Dumping data for table `media_author`
--

INSERT INTO `media_author` (`id`, `media_id`, `person_id`) VALUES
(2121, 2109, 1387),
(2120, 2108, 1386),
(2119, 2107, 1386),
(2118, 2106, 1385),
(2117, 2105, 1384),
(2116, 2104, 1383),
(2115, 2103, 1382),
(2114, 2102, 1381),
(2113, 2101, 1380),
(2112, 2100, 1380),
(2111, 2099, 1379),
(2110, 2098, 1378),
(2109, 2097, 1378),
(2108, 2096, 1377),
(2107, 2095, 1376),
(2106, 2094, 1375),
(2105, 2093, 1374),
(2104, 2092, 1373),
(2103, 2091, 1372),
(2102, 2090, 1371),
(2101, 2089, 1370),
(2100, 2088, 1369),
(2099, 2087, 1368),
(2098, 2086, 1367),
(2097, 2085, 1366),
(2096, 2084, 1365),
(2095, 2083, 1365),
(2094, 2082, 1364),
(2093, 2081, 1364),
(2092, 2080, 1363),
(3092, 3078, 2049),
(3091, 3077, 2048),
(3090, 3077, 2048),
(3088, 3076, 2048),
(3087, 3075, 2048),
(3086, 3074, 1573),
(3085, 3073, 2047),
(3084, 3072, 2046),
(3083, 3071, 1689),
(3082, 3070, 2045),
(3081, 3069, 1473),
(3080, 3068, 1471),
(3079, 3067, 1471),
(3078, 3066, 1469),
(3077, 3065, 2044),
(3076, 3064, 2043),
(3075, 3063, 2042),
(3074, 3062, 2042),
(3073, 3061, 1467),
(3072, 3060, 1774),
(3071, 3059, 1459),
(3070, 3058, 2041),
(3069, 3057, 2040),
(3068, 3056, 1880),
(3067, 3055, 1880),
(3066, 3054, 2039),
(3065, 3053, 2038),
(3064, 3052, 1955),
(3063, 3051, 2037),
(3062, 3050, 2036),
(3061, 3049, 2035),
(3060, 3048, 2034),
(3059, 3047, 2033),
(3058, 3046, 2033),
(3057, 3045, 2032),
(3056, 3044, 1764),
(3055, 3043, 2031),
(3054, 3042, 2030),
(3053, 3041, 2030),
(3052, 3040, 2029),
(3051, 3039, 2028),
(3050, 3038, 2028),
(3049, 3037, 2028),
(3048, 3036, 2027),
(3047, 3035, 2026),
(3046, 3034, 1554),
(3045, 3033, 1439),
(3044, 3032, 1439),
(3043, 3031, 1439),
(3042, 3030, 2025),
(3041, 3029, 1857),
(3040, 3028, 2024),
(3039, 3027, 2023),
(3038, 3026, 2022),
(3037, 3025, 2021),
(3036, 3024, 2020),
(3035, 3023, 1751),
(3034, 3022, 2019),
(3033, 3021, 2018),
(3032, 3020, 2017),
(3031, 3019, 2016),
(3030, 3018, 1745),
(3029, 3017, 2015),
(3028, 3016, 2014),
(3027, 3015, 2013),
(3026, 3014, 2012),
(3025, 3013, 2011),
(3024, 3012, 1543),
(3023, 3011, 1543),
(3022, 3010, 2010),
(3021, 3009, 1637),
(3020, 3008, 2009),
(3019, 3007, 2008),
(3018, 3006, 2007),
(3017, 3005, 2006),
(3016, 3004, 2005),
(3015, 3003, 2004),
(3014, 3002, 2004),
(3013, 3001, 2003),
(3012, 3000, 2002),
(3011, 2999, 2001),
(3010, 2998, 2000),
(3009, 2997, 1999),
(3008, 2996, 1998),
(3007, 2995, 1619),
(3006, 2994, 1997),
(3005, 2993, 1521),
(3004, 2992, 1996),
(3003, 2991, 1519),
(3002, 2990, 1995),
(3001, 2989, 1995),
(3000, 2988, 1994),
(2999, 2987, 1993),
(2998, 2986, 1992),
(2997, 2985, 1991),
(2996, 2984, 1990),
(2995, 2983, 1821),
(2994, 2982, 1989),
(2993, 2981, 1988),
(2992, 2980, 1987),
(2991, 2979, 1986),
(2990, 2978, 1986),
(2989, 2977, 1716),
(2988, 2976, 1985),
(2987, 2975, 1984),
(2986, 2974, 1983),
(2985, 2973, 1982),
(2984, 2972, 1508),
(2983, 2971, 1981),
(2982, 2970, 1909),
(2981, 2969, 1980),
(2980, 2968, 1502),
(2979, 2967, 1603),
(2978, 2966, 1979),
(2977, 2965, 1978),
(2976, 2964, 1977),
(2975, 2963, 1498),
(2974, 2962, 1498),
(2973, 2961, 1498),
(2972, 2960, 1976),
(2971, 2959, 1975),
(2970, 2958, 1595),
(2969, 2957, 1974),
(2968, 2956, 1802),
(2967, 2955, 1973),
(2966, 2954, 1374),
(2965, 2953, 1972),
(2964, 2952, 1971),
(2963, 2951, 1970),
(2962, 2950, 1701),
(2961, 2949, 1969),
(2960, 2948, 1968),
(2959, 2947, 1784),
(2958, 2946, 1967),
(2957, 2945, 1365),
(2956, 2944, 1966),
(2955, 2943, 1965),
(2954, 2942, 1573),
(2953, 2941, 1573),
(2952, 2940, 1964),
(2951, 2939, 1778),
(2950, 2938, 1687),
(2949, 2937, 1963),
(2948, 2936, 1962),
(2947, 2935, 1961),
(2946, 2934, 1960),
(2945, 2933, 1468),
(2944, 2932, 1467),
(2943, 2931, 1465),
(2942, 2930, 1465),
(2941, 2929, 1959),
(2940, 2928, 1461),
(2939, 2927, 1958),
(2938, 2926, 1957),
(2937, 2925, 1956),
(2936, 2924, 1955),
(2935, 2923, 1563),
(2934, 2922, 1954),
(2933, 2921, 1674),
(2932, 2920, 1953),
(2931, 2919, 1952),
(2930, 2918, 1951),
(2929, 2917, 1950),
(2928, 2916, 1949),
(2927, 2915, 1948),
(2926, 2914, 1947),
(2925, 2913, 1946),
(2924, 2912, 1945),
(2923, 2911, 1944),
(2922, 2910, 1871),
(2921, 2909, 1871),
(2920, 2908, 1445),
(2919, 2907, 1445),
(2918, 2906, 1943),
(2917, 2905, 1554),
(2916, 2904, 1439),
(2915, 2903, 1859),
(2914, 2902, 1550),
(2913, 2901, 1942),
(2912, 2900, 1941),
(2911, 2899, 1940),
(2910, 2898, 1857),
(2909, 2897, 1939),
(2908, 2896, 1938),
(2907, 2895, 1652),
(2906, 2894, 1937),
(2905, 2893, 1646),
(2904, 2892, 1936),
(2903, 2891, 1935),
(2902, 2890, 1642),
(2901, 2889, 1934),
(2900, 2888, 1933),
(2899, 2887, 1932),
(2898, 2886, 1931),
(2897, 2885, 1930),
(2896, 2884, 1929),
(2895, 2883, 1928),
(2894, 2882, 1928),
(2893, 2881, 1928),
(2892, 2880, 1635),
(2891, 2879, 1927),
(2890, 2878, 1926),
(2889, 2877, 1925),
(2888, 2876, 1924),
(2887, 2875, 1923),
(2886, 2874, 1413),
(2885, 2873, 1922),
(2884, 2872, 1921),
(2883, 2871, 1727),
(2882, 2870, 1920),
(2881, 2869, 1723),
(2880, 2868, 1919),
(2879, 2867, 1918),
(2878, 2866, 1917),
(2877, 2865, 1916),
(2876, 2864, 1915),
(2875, 2863, 1915),
(2874, 2862, 1615),
(2873, 2861, 1614),
(2872, 2860, 1614),
(2871, 2859, 1914),
(2870, 2858, 1913),
(2869, 2857, 1611),
(2868, 2856, 1610),
(2867, 2855, 1912),
(2866, 2854, 1395),
(2865, 2853, 1911),
(2864, 2852, 1713),
(2863, 2851, 1713),
(2862, 2850, 1390),
(2861, 2849, 1910),
(2860, 2848, 1909),
(2859, 2847, 1505),
(2858, 2846, 1505),
(2857, 2845, 1908),
(2856, 2844, 1907),
(2855, 2843, 1906),
(2854, 2842, 1905),
(2853, 2841, 1386),
(2852, 2840, 1386),
(2851, 2839, 1386),
(2850, 2838, 1386),
(2849, 2837, 1386),
(2848, 2836, 1386),
(2847, 2835, 1904),
(2846, 2834, 1904),
(2845, 2833, 1603),
(2844, 2832, 1810),
(2843, 2831, 1903),
(2842, 2830, 1902),
(2841, 2829, 1901),
(2840, 2828, 1900),
(2839, 2827, 1593),
(2838, 2826, 1899),
(2837, 2825, 1708),
(2836, 2824, 1798),
(2835, 2823, 1704),
(2834, 2822, 1898),
(2833, 2821, 1897),
(2832, 2820, 1703),
(2831, 2819, 1585),
(2830, 2818, 1896),
(2829, 2817, 1895),
(2828, 2816, 1894),
(2827, 2815, 1893),
(2826, 2814, 1580),
(2825, 2813, 1698),
(2824, 2812, 1892),
(2823, 2811, 1364),
(2822, 2810, 1891),
(2821, 2809, 1891),
(2820, 2808, 1890),
(2819, 2807, 1889),
(2818, 2806, 1889),
(2817, 2805, 1693),
(2816, 2804, 1888),
(2815, 2803, 1476),
(2814, 2802, 1887),
(2813, 2801, 1473),
(2812, 2800, 1473),
(2811, 2799, 1571),
(2810, 2798, 1886),
(2809, 2797, 1885),
(2808, 2796, 1884),
(2807, 2795, 1469),
(2806, 2794, 1467),
(2805, 2793, 1883),
(2804, 2792, 1883),
(2803, 2791, 1882),
(2802, 2790, 1881),
(2801, 2789, 1880),
(2800, 2788, 1879),
(2799, 2787, 1878),
(2798, 2786, 1877),
(2797, 2785, 1876),
(2796, 2784, 1448),
(2795, 2783, 1875),
(2794, 2782, 1874),
(2793, 2781, 1873),
(2792, 2780, 1872),
(2791, 2779, 1871),
(2790, 2778, 1870),
(2789, 2777, 1869),
(2788, 2776, 1868),
(2787, 2775, 1867),
(2786, 2774, 1866),
(2785, 2773, 1865),
(2784, 2772, 1864),
(2783, 2771, 1863),
(2782, 2770, 1862),
(2781, 2769, 1861),
(2780, 2768, 1860),
(2779, 2767, 1859),
(2778, 2766, 1858),
(2777, 2765, 1857),
(2776, 2764, 1856),
(2775, 2763, 1653),
(2774, 2762, 1855),
(2773, 2761, 1854),
(2772, 2760, 1853),
(2771, 2759, 1434),
(2770, 2758, 1752),
(2769, 2757, 1649),
(2768, 2756, 1852),
(2767, 2755, 1851),
(2766, 2754, 1850),
(2765, 2753, 1849),
(2764, 2752, 1848),
(2763, 2751, 1847),
(2762, 2750, 1846),
(2761, 2749, 1543),
(2760, 2748, 1845),
(2759, 2747, 1844),
(2758, 2746, 1843),
(2757, 2745, 1842),
(2756, 2744, 1841),
(2755, 2743, 1840),
(2754, 2742, 1839),
(2753, 2741, 1838),
(2752, 2740, 1837),
(2751, 2739, 1635),
(2750, 2738, 1836),
(2749, 2737, 1835),
(2748, 2736, 1835),
(2747, 2735, 1834),
(2746, 2734, 1833),
(2745, 2733, 1535),
(2744, 2732, 1832),
(2743, 2731, 1418),
(2742, 2730, 1831),
(2741, 2729, 1830),
(2740, 2728, 1533),
(2739, 2727, 1625),
(2738, 2726, 1829),
(2737, 2725, 1731),
(2736, 2724, 1730),
(2735, 2723, 1828),
(2734, 2722, 1827),
(2733, 2721, 1826),
(2732, 2720, 1620),
(2731, 2719, 1825),
(2730, 2718, 1824),
(2729, 2717, 1724),
(2728, 2716, 1823),
(2727, 2715, 1822),
(2726, 2714, 1821),
(2725, 2713, 1820),
(2724, 2712, 1819),
(2723, 2711, 1818),
(2722, 2710, 1817),
(2721, 2709, 1717),
(2720, 2708, 1816),
(2719, 2707, 1511),
(2718, 2706, 1815),
(2717, 2705, 1814),
(2716, 2704, 1814),
(2715, 2703, 1813),
(2714, 2702, 1812),
(2713, 2701, 1811),
(2712, 2700, 1810),
(2711, 2699, 1809),
(2710, 2698, 1808),
(2709, 2697, 1807),
(2708, 2696, 1806),
(2707, 2695, 1805),
(2706, 2694, 1594),
(2705, 2693, 1594),
(2704, 2692, 1804),
(2703, 2691, 1804),
(2702, 2690, 1803),
(2701, 2689, 1802),
(2700, 2688, 1591),
(2699, 2687, 1801),
(2698, 2686, 1800),
(2697, 2685, 1799),
(2696, 2684, 1798),
(2695, 2683, 1798),
(2694, 2682, 1797),
(2693, 2681, 1796),
(2692, 2680, 1795),
(2691, 2679, 1794),
(2690, 2678, 1793),
(2689, 2677, 1792),
(2688, 2676, 1791),
(2687, 2675, 1790),
(2686, 2674, 1789),
(2685, 2673, 1788),
(2684, 2672, 1787),
(2683, 2671, 1786),
(2682, 2670, 1785),
(2681, 2669, 1581),
(2680, 2668, 1784),
(2679, 2667, 1784),
(2678, 2666, 1784),
(2677, 2665, 1481),
(2676, 2664, 1577),
(2675, 2663, 1577),
(2674, 2662, 1783),
(2673, 2661, 1782),
(2672, 2660, 1781),
(2671, 2659, 1780),
(2670, 2658, 1779),
(2669, 2657, 1691),
(2668, 2656, 1778),
(2667, 2655, 1777),
(2666, 2654, 1571),
(2665, 2653, 1776),
(2664, 2652, 1776),
(2663, 2651, 1682),
(2662, 2650, 1775),
(2661, 2649, 1774),
(2660, 2648, 1773),
(2659, 2647, 1772),
(2658, 2646, 1771),
(2657, 2645, 1770),
(2656, 2644, 1769),
(2655, 2643, 1768),
(2654, 2642, 1673),
(2653, 2641, 1767),
(2652, 2640, 1766),
(2651, 2639, 1765),
(2650, 2638, 1764),
(2649, 2637, 1764),
(2648, 2636, 1763),
(2647, 2635, 1762),
(2646, 2634, 1761),
(2645, 2633, 1760),
(2644, 2632, 1760),
(2643, 2631, 1663),
(2642, 2630, 1759),
(2641, 2629, 1758),
(2640, 2628, 1757),
(2639, 2627, 1756),
(2638, 2626, 1755),
(2637, 2625, 1754),
(2636, 2624, 1753),
(2635, 2623, 1434),
(2634, 2622, 1752),
(2633, 2621, 1751),
(2632, 2620, 1750),
(2631, 2619, 1750),
(2630, 2618, 1749),
(2629, 2617, 1748),
(2628, 2616, 1747),
(2627, 2615, 1645),
(2626, 2614, 1544),
(2625, 2613, 1544),
(2624, 2612, 1639),
(2623, 2611, 1643),
(2622, 2610, 1746),
(2621, 2609, 1745),
(2620, 2608, 1744),
(2619, 2607, 1743),
(2618, 2606, 1642),
(2617, 2605, 1742),
(2616, 2604, 1741),
(2615, 2603, 1740),
(2614, 2602, 1739),
(2613, 2601, 1634),
(2612, 2600, 1634),
(2611, 2599, 1632),
(2610, 2598, 1632),
(2609, 2597, 1632),
(2608, 2596, 1738),
(2607, 2595, 1737),
(2606, 2594, 1737),
(2605, 2593, 1736),
(2604, 2592, 1735),
(2603, 2591, 1734),
(2602, 2590, 1733),
(2601, 2589, 1732),
(2600, 2588, 1625),
(2599, 2587, 1625),
(2598, 2586, 1731),
(2597, 2585, 1730),
(2596, 2584, 1729),
(2595, 2583, 1728),
(2594, 2582, 1727),
(2593, 2581, 1726),
(2592, 2580, 1726),
(2591, 2579, 1619),
(2590, 2578, 1725),
(2589, 2577, 1724),
(2588, 2576, 1618),
(2587, 2575, 1723),
(2586, 2574, 1723),
(2585, 2573, 1723),
(2584, 2572, 1723),
(2583, 2571, 1722),
(2582, 2570, 1404),
(2581, 2569, 1721),
(2580, 2568, 1720),
(2579, 2567, 1719),
(2578, 2566, 1615),
(2577, 2565, 1614),
(2576, 2564, 1718),
(2575, 2563, 1717),
(2574, 2562, 1611),
(2573, 2561, 1716),
(2572, 2560, 1395),
(2571, 2559, 1715),
(2570, 2558, 1714),
(2569, 2557, 1714),
(2568, 2556, 1609),
(2567, 2555, 1713),
(2566, 2554, 1713),
(2565, 2553, 1713),
(2564, 2552, 1712),
(2563, 2551, 1507),
(2562, 2550, 1507),
(2561, 2549, 1711),
(2560, 2548, 1498),
(2559, 2547, 1710),
(2558, 2546, 1599),
(2557, 2545, 1595),
(2556, 2544, 1595),
(2555, 2543, 1378),
(2554, 2542, 1377),
(2553, 2541, 1709),
(2552, 2540, 1708),
(2551, 2539, 1707),
(2550, 2538, 1706),
(2549, 2537, 1705),
(2548, 2536, 1704),
(2547, 2535, 1704),
(2546, 2534, 1703),
(2545, 2533, 1703),
(2544, 2532, 1702),
(2543, 2531, 1370),
(2542, 2530, 1701),
(2541, 2529, 1700),
(2540, 2528, 1699),
(2539, 2527, 1698),
(2538, 2526, 1697),
(2537, 2525, 1697),
(2536, 2524, 1697),
(2535, 2523, 1697),
(2534, 2522, 1697),
(2533, 2521, 1697),
(2532, 2520, 1696),
(2531, 2519, 1695),
(2530, 2518, 1694),
(2529, 2517, 1693),
(2528, 2516, 1693),
(2527, 2515, 1692),
(2526, 2514, 1691),
(2525, 2513, 1690),
(2524, 2512, 1689),
(2523, 2511, 1688),
(2522, 2510, 1687),
(2521, 2509, 1473),
(2520, 2508, 1686),
(2519, 2507, 1685),
(2518, 2506, 1684),
(2517, 2505, 1468),
(2516, 2504, 1683),
(2515, 2503, 1682),
(2514, 2502, 1681),
(2513, 2501, 1680),
(2512, 2500, 1679),
(2511, 2499, 1678),
(2510, 2498, 1460),
(2509, 2497, 1677),
(2508, 2496, 1676),
(2507, 2495, 1563),
(2506, 2494, 1675),
(2505, 2493, 1674),
(2504, 2492, 1452),
(2503, 2491, 1673),
(2502, 2490, 1672),
(2501, 2489, 1671),
(2500, 2488, 1670),
(2499, 2487, 1669),
(2498, 2486, 1668),
(2497, 2485, 1667),
(2496, 2484, 1666),
(2495, 2483, 1665),
(2494, 2482, 1664),
(2493, 2481, 1663),
(2492, 2480, 1662),
(2491, 2479, 1661),
(2490, 2478, 1660),
(2489, 2477, 1659),
(2488, 2476, 1658),
(2487, 2475, 1657),
(2486, 2474, 1656),
(2485, 2473, 1655),
(2484, 2472, 1654),
(2483, 2471, 1653),
(2482, 2470, 1652),
(2481, 2469, 1651),
(2480, 2468, 1433),
(2479, 2467, 1650),
(2478, 2466, 1649),
(2477, 2465, 1649),
(2476, 2464, 1648),
(2475, 2463, 1647),
(2474, 2462, 1646),
(2473, 2461, 1645),
(2472, 2460, 1644),
(2471, 2459, 1643),
(2470, 2458, 1642),
(2469, 2457, 1641),
(2468, 2456, 1640),
(2467, 2455, 1639),
(2466, 2454, 1638),
(2465, 2453, 1637),
(2464, 2452, 1636),
(2463, 2451, 1635),
(2462, 2450, 1634),
(2461, 2449, 1633),
(2460, 2448, 1632),
(2459, 2447, 1631),
(2458, 2446, 1630),
(2457, 2445, 1629),
(2456, 2444, 1628),
(2455, 2443, 1417),
(2454, 2442, 1417),
(2453, 2441, 1627),
(2452, 2440, 1626),
(2451, 2439, 1625),
(2450, 2438, 1625),
(2449, 2437, 1624),
(2448, 2436, 1623),
(2447, 2435, 1622),
(2446, 2434, 1621),
(2445, 2433, 1620),
(2444, 2432, 1619),
(2443, 2431, 1618),
(2442, 2430, 1617),
(2441, 2429, 1404),
(2440, 2428, 1616),
(2439, 2427, 1615),
(2438, 2426, 1615),
(2437, 2425, 1614),
(2436, 2424, 1613),
(2435, 2423, 1612),
(2434, 2422, 1396),
(2433, 2421, 1611),
(2432, 2420, 1610),
(2431, 2419, 1515),
(2430, 2418, 1515),
(2429, 2417, 1609),
(2428, 2416, 1608),
(2427, 2415, 1607),
(2426, 2414, 1606),
(2425, 2413, 1605),
(2424, 2412, 1604),
(2423, 2411, 1505),
(2422, 2410, 1386),
(2421, 2409, 1603),
(2420, 2408, 1602),
(2419, 2407, 1601),
(2418, 2406, 1601),
(2417, 2405, 1600),
(2416, 2404, 1599),
(2415, 2403, 1598),
(2414, 2402, 1597),
(2413, 2401, 1596),
(2412, 2400, 1595),
(2411, 2399, 1594),
(2410, 2398, 1593),
(2409, 2397, 1592),
(2408, 2396, 1591),
(2407, 2395, 1590),
(2406, 2394, 1589),
(2405, 2393, 1374),
(2404, 2392, 1588),
(2403, 2391, 1587),
(2402, 2390, 1586),
(2401, 2389, 1585),
(2400, 2388, 1370),
(2399, 2387, 1370),
(2398, 2386, 1584),
(2397, 2385, 1368),
(2396, 2384, 1583),
(2395, 2383, 1582),
(2394, 2382, 1581),
(2393, 2381, 1580),
(2392, 2380, 1580),
(2391, 2379, 1579),
(2390, 2378, 1578),
(2389, 2377, 1577),
(2388, 2376, 1576),
(2387, 2375, 1575),
(2386, 2374, 1574),
(2385, 2373, 1573),
(2384, 2372, 1572),
(2383, 2371, 1571),
(2382, 2370, 1570),
(2381, 2369, 1569),
(2380, 2368, 1569),
(2379, 2367, 1569),
(2378, 2366, 1467),
(2377, 2365, 1568),
(2376, 2364, 1567),
(2375, 2363, 1566),
(2374, 2362, 1565),
(2373, 2361, 1564),
(2372, 2360, 1563),
(2371, 2359, 1562),
(2370, 2358, 1561),
(2369, 2357, 1560),
(2368, 2356, 1560),
(2367, 2355, 1559),
(2366, 2354, 1558),
(2365, 2353, 1557),
(2364, 2352, 1556),
(2363, 2351, 1556),
(2362, 2350, 1555),
(2361, 2349, 1555),
(2360, 2348, 1555),
(2359, 2347, 1554),
(2358, 2346, 1554),
(2357, 2345, 1553),
(2356, 2344, 1552),
(2355, 2343, 1551),
(2354, 2342, 1551),
(2353, 2341, 1550),
(2352, 2340, 1550),
(2351, 2339, 1549),
(2350, 2338, 1549),
(2349, 2337, 1548),
(2348, 2336, 1547),
(2347, 2335, 1547),
(2346, 2334, 1546),
(2345, 2333, 1545),
(2344, 2332, 1544),
(2343, 2331, 1543),
(2342, 2330, 1542),
(2341, 2329, 1541),
(2340, 2328, 1540),
(2339, 2327, 1539),
(2338, 2326, 1539),
(2337, 2325, 1538),
(2336, 2324, 1537),
(2335, 2323, 1537),
(2334, 2322, 1537),
(2333, 2321, 1536),
(2332, 2320, 1535),
(2331, 2319, 1535),
(2330, 2318, 1534),
(2329, 2317, 1533),
(2328, 2316, 1533),
(2327, 2315, 1532),
(2326, 2314, 1531),
(2325, 2313, 1530),
(2324, 2312, 1529),
(2323, 2311, 1528),
(2322, 2310, 1527),
(2321, 2309, 1526),
(2320, 2308, 1525),
(2319, 2307, 1525),
(2318, 2306, 1524),
(2317, 2305, 1523),
(2316, 2304, 1522),
(2315, 2303, 1522),
(2314, 2302, 1521),
(2313, 2301, 1520),
(2312, 2300, 1520),
(2311, 2299, 1520),
(2310, 2298, 1520),
(2309, 2297, 1519),
(2308, 2296, 1518),
(2307, 2295, 1518),
(2306, 2294, 1404),
(2305, 2293, 1404),
(2304, 2292, 1404),
(2303, 2291, 1404),
(2302, 2290, 1517),
(2301, 2289, 1516),
(2300, 2288, 1516),
(2299, 2287, 1516),
(2298, 2286, 1515),
(2297, 2285, 1514),
(2296, 2284, 1513),
(2295, 2283, 1513),
(2294, 2282, 1512),
(2293, 2281, 1511),
(2292, 2280, 1510),
(2291, 2279, 1509),
(2290, 2278, 1508),
(2289, 2277, 1507),
(2288, 2276, 1506),
(2287, 2275, 1505),
(2286, 2274, 1504),
(2285, 2273, 1504),
(2284, 2272, 1504),
(2283, 2271, 1504),
(2282, 2270, 1504),
(2281, 2269, 1503),
(2280, 2268, 1503),
(2279, 2267, 1502),
(2278, 2266, 1501),
(2277, 2265, 1500),
(2276, 2264, 1500),
(2275, 2263, 1499),
(2274, 2262, 1498),
(2273, 2261, 1498),
(2272, 2260, 1497),
(2271, 2259, 1496),
(2270, 2258, 1496),
(2269, 2257, 1496),
(2268, 2256, 1495),
(2267, 2255, 1495),
(2266, 2254, 1494),
(2265, 2253, 1494),
(2264, 2252, 1494),
(2263, 2251, 1494),
(2262, 2250, 1494),
(2261, 2249, 1493),
(2260, 2248, 1492),
(2259, 2247, 1491),
(2258, 2246, 1491),
(2257, 2245, 1490),
(2256, 2244, 1377),
(2255, 2243, 1489),
(2254, 2242, 1489),
(2253, 2241, 1488),
(2252, 2240, 1487),
(2251, 2239, 1487),
(2250, 2238, 1486),
(2249, 2237, 1486),
(2248, 2236, 1485),
(2247, 2235, 1484),
(2246, 2234, 1483),
(2245, 2233, 1482),
(2244, 2232, 1481),
(2243, 2231, 1480),
(2242, 2230, 1480),
(2241, 2229, 1480),
(2240, 2228, 1479),
(2239, 2227, 1478),
(2238, 2226, 1477),
(2237, 2225, 1477),
(2236, 2224, 1477),
(2235, 2223, 1477),
(2234, 2222, 1477),
(2233, 2221, 1477),
(2232, 2220, 1476),
(2231, 2219, 1475),
(2230, 2218, 1474),
(2229, 2217, 1473),
(2228, 2216, 1472),
(2227, 2215, 1471),
(2226, 2214, 1471),
(2225, 2213, 1471),
(2224, 2212, 1471),
(2223, 2211, 1471),
(2222, 2210, 1471),
(2221, 2209, 1470),
(2220, 2208, 1469),
(2219, 2207, 1468),
(2218, 2206, 1467),
(2217, 2205, 1466),
(2216, 2204, 1465),
(2215, 2203, 1464),
(2214, 2202, 1463),
(2213, 2201, 1462),
(2212, 2200, 1461),
(2211, 2199, 1460),
(2210, 2198, 1459),
(2209, 2197, 1458),
(2208, 2196, 1457),
(2207, 2195, 1456),
(2206, 2194, 1455),
(2205, 2193, 1455),
(2204, 2192, 1455),
(2203, 2191, 1455),
(2202, 2190, 1455),
(2201, 2189, 1454),
(2200, 2188, 1454),
(2199, 2187, 1454),
(2198, 2186, 1454),
(2197, 2185, 1453),
(2196, 2184, 1452),
(2195, 2183, 1451),
(2194, 2182, 1450),
(2193, 2181, 1449),
(2192, 2180, 1449),
(2191, 2179, 1448),
(2190, 2178, 1447),
(2189, 2177, 1446),
(2188, 2176, 1446),
(2187, 2175, 1445),
(2186, 2174, 1444),
(2185, 2173, 1443),
(2184, 2172, 1442),
(2183, 2171, 1441),
(2182, 2170, 1441),
(2181, 2169, 1440),
(2180, 2168, 1439),
(2179, 2167, 1438),
(2178, 2166, 1437),
(2177, 2165, 1437),
(2176, 2164, 1437),
(2175, 2163, 1436),
(2174, 2162, 1435),
(2173, 2161, 1434),
(2172, 2160, 1434),
(2171, 2159, 1433),
(2170, 2158, 1432),
(2169, 2157, 1432),
(2168, 2156, 1431),
(2167, 2155, 1430),
(2166, 2154, 1429),
(2165, 2153, 1428),
(2164, 2152, 1427),
(2163, 2151, 1426),
(2162, 2150, 1425),
(2161, 2149, 1424),
(2160, 2148, 1423),
(2159, 2147, 1422),
(2158, 2146, 1422),
(2157, 2145, 1421),
(2156, 2144, 1420),
(2155, 2143, 1419),
(2154, 2142, 1418),
(2153, 2141, 1417),
(2152, 2140, 1416),
(2151, 2139, 1415),
(2150, 2138, 1414),
(2149, 2137, 1413),
(2148, 2136, 1412),
(2147, 2135, 1411),
(2146, 2134, 1410),
(2145, 2133, 1409),
(2144, 2132, 1408),
(2143, 2131, 1407),
(2142, 2130, 1406),
(2141, 2129, 1405),
(2140, 2128, 1404),
(2139, 2127, 1404),
(2138, 2126, 1403),
(2137, 2125, 1402),
(2136, 2124, 1401),
(2135, 2123, 1400),
(2134, 2122, 1399),
(2133, 2121, 1398),
(2132, 2120, 1397),
(2131, 2119, 1396),
(2130, 2118, 1395),
(2129, 2117, 1394),
(2128, 2116, 1393),
(2127, 2115, 1393),
(2126, 2114, 1392),
(2125, 2113, 1391),
(2124, 2112, 1390),
(2123, 2111, 1389),
(2122, 2110, 1388);

-- --------------------------------------------------------

--
-- Table structure for table `media_category`
--

CREATE TABLE IF NOT EXISTS `media_category` (
  `id` bigint(20) unsigned NOT NULL AUTO_INCREMENT,
  `media_id` bigint(20) unsigned NOT NULL,
  `category_id` bigint(20) unsigned NOT NULL,
  PRIMARY KEY (`id`)
) ENGINE=MyISAM  DEFAULT CHARSET=latin1 AUTO_INCREMENT=3164 ;

--
-- Dumping data for table `media_category`
--

INSERT INTO `media_category` (`id`, `media_id`, `category_id`) VALUES
(2178, 2115, 161),
(2177, 2113, 242),
(2176, 2112, 171),
(2175, 2112, 200),
(2174, 2111, 212),
(2173, 2109, 160),
(2172, 2109, 243),
(2171, 2107, 235),
(2170, 2107, 164),
(2169, 2105, 199),
(2168, 2105, 247),
(2167, 2103, 211),
(2166, 2101, 234),
(2165, 2101, 165),
(2164, 2100, 251),
(2163, 2098, 235),
(2162, 2097, 198),
(2161, 2097, 251),
(2160, 2095, 254),
(2159, 2091, 204),
(2158, 2088, 207),
(2157, 2086, 203),
(2156, 2086, 166),
(2155, 2084, 165),
(2154, 2084, 213),
(2153, 2083, 211),
(2152, 2083, 252),
(2151, 2081, 211),
(2150, 2080, 241),
(2149, 2080, 212),
(3163, 3078, 210),
(3162, 3077, 258),
(3161, 3077, 258),
(3159, 3076, 258),
(3158, 3075, 259),
(3157, 3071, 198),
(3156, 3070, 238),
(3155, 3070, 206),
(3154, 3068, 208),
(3153, 3066, 210),
(3152, 3066, 212),
(3151, 3064, 209),
(3150, 3064, 170),
(3149, 3061, 202),
(3148, 3060, 209),
(3147, 3060, 200),
(3146, 3059, 199),
(3145, 3059, 166),
(3144, 3058, 207),
(3143, 3057, 202),
(3142, 3054, 206),
(3141, 3054, 169),
(3140, 3053, 235),
(3139, 3052, 212),
(3138, 3051, 210),
(3137, 3051, 203),
(3136, 3048, 199),
(3135, 3045, 208),
(3134, 3044, 240),
(3133, 3044, 212),
(3132, 3042, 205),
(3131, 3039, 207),
(3130, 3039, 203),
(3129, 3038, 242),
(3128, 3038, 238),
(3127, 3036, 161),
(3126, 3035, 161),
(3125, 3035, 164),
(3124, 3034, 210),
(3123, 3033, 240),
(3122, 3032, 164),
(3121, 3031, 161),
(3120, 3028, 254),
(3119, 3027, 200),
(3118, 3026, 201),
(3117, 3025, 169),
(3116, 3025, 251),
(3115, 3024, 168),
(3114, 3023, 255),
(3113, 3023, 203),
(3112, 3022, 200),
(3111, 3021, 206),
(3110, 3020, 166),
(3109, 3020, 256),
(3108, 3018, 212),
(3107, 3017, 207),
(3106, 3017, 198),
(3105, 3016, 213),
(3104, 3016, 211),
(3103, 3015, 245),
(3102, 3015, 199),
(3101, 3014, 251),
(3100, 3012, 210),
(3099, 3012, 208),
(3098, 3010, 167),
(3097, 3008, 208),
(3096, 3007, 241),
(3095, 3006, 204),
(3094, 3006, 210),
(3093, 3005, 162),
(3092, 3005, 251),
(3091, 3004, 209),
(3090, 3004, 161),
(3089, 3003, 240),
(3088, 3003, 252),
(3087, 3002, 210),
(3086, 3000, 204),
(3085, 3000, 205),
(3084, 2999, 199),
(3083, 2998, 252),
(3082, 2998, 241),
(3081, 2997, 251),
(3080, 2997, 234),
(3079, 2995, 213),
(3078, 2994, 171),
(3077, 2994, 162),
(3076, 2993, 254),
(3075, 2993, 209),
(3074, 2992, 251),
(3073, 2992, 198),
(3072, 2991, 240),
(3071, 2990, 167),
(3070, 2990, 162),
(3069, 2989, 164),
(3068, 2989, 211),
(3067, 2988, 211),
(3066, 2986, 255),
(3065, 2984, 161),
(3064, 2984, 209),
(3063, 2983, 206),
(3062, 2983, 162),
(3061, 2979, 202),
(3060, 2976, 199),
(3059, 2974, 250),
(3058, 2973, 166),
(3057, 2973, 209),
(3056, 2972, 208),
(3055, 2970, 209),
(3054, 2970, 238),
(3053, 2969, 208),
(3052, 2967, 200),
(3051, 2967, 236),
(3050, 2966, 204),
(3049, 2965, 166),
(3048, 2965, 202),
(3047, 2963, 206),
(3046, 2961, 210),
(3045, 2961, 161),
(3044, 2959, 255),
(3043, 2959, 199),
(3042, 2958, 162),
(3041, 2958, 212),
(3040, 2957, 160),
(3039, 2956, 212),
(3038, 2956, 206),
(3037, 2955, 255),
(3036, 2955, 163),
(3035, 2954, 168),
(3034, 2954, 255),
(3033, 2953, 162),
(3032, 2952, 234),
(3031, 2950, 165),
(3030, 2950, 248),
(3029, 2949, 213),
(3028, 2949, 161),
(3027, 2948, 163),
(3026, 2947, 238),
(3025, 2945, 247),
(3024, 2944, 160),
(3023, 2944, 209),
(3022, 2941, 201),
(3021, 2939, 203),
(3020, 2938, 201),
(3019, 2935, 204),
(3018, 2934, 203),
(3017, 2934, 163),
(3016, 2933, 209),
(3015, 2933, 213),
(3014, 2931, 256),
(3013, 2930, 205),
(3012, 2930, 255),
(3011, 2929, 235),
(3010, 2929, 200),
(3009, 2928, 248),
(3008, 2928, 210),
(3007, 2927, 255),
(3006, 2926, 167),
(3005, 2925, 206),
(3004, 2924, 243),
(3003, 2923, 161),
(3002, 2923, 160),
(3001, 2922, 209),
(3000, 2922, 205),
(2999, 2920, 248),
(2998, 2918, 234),
(2997, 2918, 200),
(2996, 2917, 162),
(2995, 2917, 169),
(2994, 2916, 199),
(2993, 2914, 162),
(2992, 2913, 209),
(2991, 2913, 211),
(2990, 2911, 238),
(2989, 2909, 241),
(2988, 2909, 209),
(2987, 2908, 200),
(2986, 2908, 234),
(2985, 2907, 213),
(2984, 2906, 198),
(2983, 2905, 161),
(2982, 2905, 167),
(2981, 2901, 160),
(2980, 2899, 204),
(2979, 2899, 198),
(2978, 2898, 206),
(2977, 2897, 236),
(2976, 2895, 211),
(2975, 2895, 253),
(2974, 2892, 206),
(2973, 2892, 206),
(2972, 2891, 240),
(2971, 2890, 209),
(2970, 2889, 167),
(2969, 2889, 240),
(2968, 2888, 212),
(2967, 2887, 198),
(2966, 2886, 199),
(2965, 2884, 200),
(2964, 2882, 170),
(2963, 2882, 171),
(2962, 2881, 244),
(2961, 2881, 199),
(2960, 2880, 161),
(2959, 2879, 161),
(2958, 2879, 208),
(2957, 2878, 205),
(2956, 2877, 247),
(2955, 2873, 164),
(2954, 2870, 172),
(2953, 2870, 172),
(2952, 2869, 201),
(2951, 2868, 198),
(2950, 2867, 172),
(2949, 2867, 253),
(2948, 2865, 162),
(2947, 2865, 210),
(2946, 2860, 169),
(2945, 2860, 203),
(2944, 2858, 239),
(2943, 2857, 163),
(2942, 2855, 160),
(2941, 2855, 235),
(2940, 2854, 167),
(2939, 2853, 200),
(2938, 2852, 169),
(2937, 2852, 207),
(2936, 2851, 240),
(2935, 2850, 209),
(2934, 2848, 210),
(2933, 2847, 207),
(2932, 2846, 167),
(2931, 2846, 170),
(2930, 2845, 238),
(2929, 2845, 203),
(2928, 2843, 202),
(2927, 2842, 212),
(2926, 2842, 164),
(2925, 2841, 198),
(2924, 2841, 202),
(2923, 2840, 169),
(2922, 2840, 241),
(2921, 2839, 241),
(2920, 2839, 244),
(2919, 2838, 164),
(2918, 2836, 199),
(2917, 2836, 199),
(2916, 2835, 161),
(2915, 2835, 252),
(2914, 2834, 207),
(2913, 2833, 209),
(2912, 2833, 204),
(2911, 2832, 161),
(2910, 2831, 243),
(2909, 2831, 250),
(2908, 2829, 167),
(2907, 2829, 207),
(2906, 2828, 166),
(2905, 2827, 236),
(2904, 2827, 255),
(2903, 2826, 203),
(2902, 2825, 241),
(2901, 2825, 245),
(2900, 2824, 212),
(2899, 2824, 234),
(2898, 2822, 163),
(2897, 2822, 212),
(2896, 2821, 201),
(2895, 2821, 161),
(2894, 2819, 207),
(2893, 2818, 207),
(2892, 2817, 255),
(2891, 2816, 209),
(2890, 2815, 250),
(2889, 2815, 161),
(2888, 2813, 256),
(2887, 2813, 207),
(2886, 2812, 169),
(2885, 2812, 198),
(2884, 2811, 167),
(2883, 2809, 239),
(2882, 2809, 206),
(2881, 2808, 198),
(2880, 2807, 162),
(2879, 2807, 240),
(2878, 2806, 209),
(2877, 2806, 165),
(2876, 2803, 212),
(2875, 2803, 165),
(2874, 2802, 213),
(2873, 2802, 165),
(2872, 2801, 199),
(2871, 2801, 202),
(2870, 2800, 256),
(2869, 2800, 255),
(2868, 2799, 159),
(2867, 2797, 212),
(2866, 2795, 198),
(2865, 2795, 167),
(2864, 2794, 241),
(2863, 2793, 207),
(2862, 2791, 206),
(2861, 2788, 160),
(2860, 2788, 160),
(2859, 2787, 207),
(2858, 2787, 210),
(2857, 2783, 160),
(2856, 2783, 210),
(2855, 2782, 242),
(2854, 2781, 210),
(2853, 2781, 234),
(2852, 2780, 161),
(2851, 2779, 212),
(2850, 2779, 247),
(2849, 2778, 165),
(2848, 2777, 242),
(2847, 2777, 207),
(2846, 2776, 248),
(2845, 2775, 163),
(2844, 2775, 200),
(2843, 2773, 250),
(2842, 2773, 167),
(2841, 2772, 205),
(2840, 2769, 213),
(2839, 2768, 161),
(2838, 2768, 171),
(2837, 2765, 234),
(2836, 2765, 204),
(2835, 2764, 205),
(2834, 2764, 201),
(2833, 2761, 159),
(2832, 2759, 166),
(2831, 2759, 204),
(2830, 2758, 208),
(2829, 2758, 236),
(2828, 2757, 235),
(2827, 2756, 234),
(2826, 2756, 203),
(2825, 2755, 250),
(2824, 2755, 169),
(2823, 2754, 161),
(2822, 2751, 209),
(2821, 2751, 161),
(2820, 2750, 160),
(2819, 2749, 208),
(2818, 2749, 166),
(2817, 2748, 210),
(2816, 2747, 209),
(2815, 2745, 213),
(2814, 2745, 208),
(2813, 2744, 161),
(2812, 2743, 256),
(2811, 2743, 203),
(2810, 2740, 202),
(2809, 2737, 209),
(2808, 2737, 208),
(2807, 2735, 168),
(2806, 2735, 169),
(2805, 2733, 170),
(2804, 2730, 252),
(2803, 2729, 213),
(2802, 2729, 243),
(2801, 2728, 204),
(2800, 2728, 251),
(2799, 2726, 213),
(2798, 2725, 198),
(2797, 2724, 253),
(2796, 2720, 210),
(2795, 2718, 204),
(2794, 2717, 206),
(2793, 2715, 172),
(2792, 2715, 248),
(2791, 2714, 204),
(2790, 2714, 161),
(2789, 2713, 206),
(2788, 2712, 198),
(2787, 2712, 202),
(2786, 2710, 252),
(2785, 2710, 207),
(2784, 2708, 241),
(2783, 2707, 236),
(2782, 2707, 212),
(2781, 2705, 242),
(2780, 2704, 160),
(2779, 2704, 199),
(2778, 2703, 213),
(2777, 2701, 169),
(2776, 2700, 250),
(2775, 2698, 242),
(2774, 2698, 212),
(2773, 2697, 235),
(2772, 2696, 202),
(2771, 2694, 206),
(2770, 2694, 212),
(2769, 2693, 212),
(2768, 2693, 206),
(2767, 2690, 242),
(2766, 2688, 209),
(2765, 2687, 240),
(2764, 2686, 235),
(2763, 2686, 236),
(2762, 2685, 210),
(2761, 2685, 234),
(2760, 2684, 255),
(2759, 2683, 256),
(2758, 2683, 161),
(2757, 2682, 212),
(2756, 2682, 160),
(2755, 2680, 235),
(2754, 2680, 256),
(2753, 2679, 162),
(2752, 2679, 200),
(2751, 2678, 163),
(2750, 2676, 204),
(2749, 2676, 204),
(2748, 2675, 169),
(2747, 2675, 198),
(2746, 2674, 205),
(2745, 2673, 239),
(2744, 2671, 206),
(2743, 2670, 255),
(2742, 2669, 239),
(2741, 2669, 208),
(2740, 2668, 254),
(2739, 2666, 200),
(2738, 2665, 209),
(2737, 2662, 208),
(2736, 2662, 165),
(2735, 2661, 250),
(2734, 2661, 245),
(2733, 2660, 172),
(2732, 2660, 209),
(2731, 2658, 204),
(2730, 2658, 169),
(2729, 2657, 199),
(2728, 2657, 244),
(2727, 2652, 240),
(2726, 2652, 236),
(2725, 2651, 241),
(2724, 2651, 250),
(2723, 2650, 166),
(2722, 2650, 256),
(2721, 2648, 160),
(2720, 2647, 206),
(2719, 2646, 163),
(2718, 2646, 239),
(2717, 2643, 204),
(2716, 2643, 165),
(2715, 2642, 167),
(2714, 2642, 243),
(2713, 2641, 206),
(2712, 2641, 207),
(2711, 2640, 236),
(2710, 2640, 204),
(2709, 2639, 250),
(2708, 2638, 172),
(2707, 2637, 201),
(2706, 2637, 253),
(2705, 2636, 169),
(2704, 2634, 205),
(2703, 2634, 170),
(2702, 2632, 163),
(2701, 2631, 162),
(2700, 2630, 169),
(2699, 2630, 164),
(2698, 2629, 255),
(2697, 2629, 240),
(2696, 2628, 209),
(2695, 2628, 169),
(2694, 2627, 169),
(2693, 2627, 201),
(2692, 2626, 165),
(2691, 2626, 253),
(2690, 2625, 200),
(2689, 2624, 199),
(2688, 2624, 199),
(2687, 2623, 161),
(2686, 2623, 206),
(2685, 2622, 211),
(2684, 2622, 243),
(2683, 2621, 164),
(2682, 2619, 166),
(2681, 2619, 203),
(2680, 2618, 206),
(2679, 2618, 169),
(2678, 2616, 251),
(2677, 2616, 159),
(2676, 2614, 205),
(2675, 2614, 161),
(2674, 2613, 163),
(2673, 2613, 172),
(2672, 2612, 213),
(2671, 2609, 210),
(2670, 2608, 202),
(2669, 2608, 235),
(2668, 2607, 206),
(2667, 2607, 234),
(2666, 2606, 204),
(2665, 2606, 160),
(2664, 2605, 168),
(2663, 2605, 239),
(2662, 2604, 199),
(2661, 2603, 204),
(2660, 2602, 255),
(2659, 2601, 200),
(2658, 2601, 254),
(2657, 2599, 212),
(2656, 2599, 241),
(2655, 2598, 165),
(2654, 2596, 200),
(2653, 2595, 245),
(2652, 2592, 168),
(2651, 2592, 205),
(2650, 2591, 206),
(2649, 2589, 161),
(2648, 2589, 208),
(2647, 2586, 247),
(2646, 2586, 201),
(2645, 2585, 254),
(2644, 2582, 160),
(2643, 2582, 170),
(2642, 2581, 205),
(2641, 2581, 251),
(2640, 2577, 206),
(2639, 2577, 244),
(2638, 2575, 210),
(2637, 2575, 213),
(2636, 2574, 210),
(2635, 2573, 212),
(2634, 2573, 245),
(2633, 2572, 213),
(2632, 2571, 208),
(2631, 2571, 160),
(2630, 2570, 166),
(2629, 2570, 201),
(2628, 2569, 164),
(2627, 2568, 171),
(2626, 2567, 210),
(2625, 2566, 167),
(2624, 2566, 203),
(2623, 2565, 236),
(2622, 2564, 168),
(2621, 2563, 203),
(2620, 2561, 206),
(2619, 2561, 245),
(2618, 2560, 208),
(2617, 2559, 213),
(2616, 2559, 252),
(2615, 2558, 253),
(2614, 2558, 202),
(2613, 2557, 159),
(2612, 2556, 253),
(2611, 2555, 207),
(2610, 2555, 256),
(2609, 2554, 201),
(2608, 2554, 164),
(2607, 2553, 205),
(2606, 2553, 242),
(2605, 2552, 208),
(2604, 2551, 203),
(2603, 2550, 172),
(2602, 2549, 211),
(2601, 2548, 167),
(2600, 2547, 200),
(2599, 2546, 242),
(2598, 2545, 252),
(2597, 2545, 240),
(2596, 2544, 244),
(2595, 2544, 169),
(2594, 2541, 211),
(2593, 2540, 234),
(2592, 2540, 236),
(2591, 2537, 236),
(2590, 2534, 203),
(2589, 2533, 169),
(2588, 2533, 239),
(2587, 2532, 201),
(2586, 2530, 202),
(2585, 2530, 199),
(2584, 2529, 202),
(2583, 2529, 161),
(2582, 2528, 243),
(2581, 2527, 238),
(2580, 2526, 242),
(2579, 2526, 207),
(2578, 2525, 203),
(2577, 2525, 210),
(2576, 2524, 170),
(2575, 2524, 161),
(2574, 2523, 204),
(2573, 2521, 245),
(2572, 2520, 205),
(2571, 2520, 210),
(2570, 2519, 162),
(2569, 2519, 241),
(2568, 2518, 202),
(2567, 2518, 212),
(2566, 2517, 244),
(2565, 2515, 212),
(2564, 2515, 207),
(2563, 2512, 236),
(2562, 2510, 165),
(2561, 2508, 161),
(2560, 2506, 202),
(2559, 2506, 200),
(2558, 2505, 240),
(2557, 2503, 253),
(2556, 2502, 204),
(2555, 2502, 213),
(2554, 2501, 238),
(2553, 2501, 172),
(2552, 2497, 168),
(2551, 2496, 168),
(2550, 2496, 198),
(2549, 2495, 251),
(2548, 2494, 198),
(2547, 2494, 204),
(2546, 2493, 207),
(2545, 2493, 202),
(2544, 2491, 198),
(2543, 2491, 234),
(2542, 2490, 254),
(2541, 2487, 163),
(2540, 2486, 163),
(2539, 2485, 168),
(2538, 2485, 252),
(2537, 2484, 245),
(2536, 2480, 200),
(2535, 2480, 203),
(2534, 2478, 236),
(2533, 2478, 207),
(2532, 2477, 161),
(2531, 2476, 209),
(2530, 2475, 199),
(2529, 2473, 247),
(2528, 2472, 205),
(2527, 2472, 200),
(2526, 2469, 210),
(2525, 2468, 171),
(2524, 2466, 164),
(2523, 2465, 243),
(2522, 2463, 240),
(2521, 2463, 165),
(2520, 2462, 213),
(2519, 2459, 161),
(2518, 2459, 206),
(2517, 2458, 240),
(2516, 2458, 254),
(2515, 2456, 212),
(2514, 2456, 169),
(2513, 2455, 255),
(2512, 2452, 161),
(2511, 2450, 206),
(2510, 2449, 235),
(2509, 2449, 207),
(2508, 2447, 253),
(2507, 2447, 206),
(2506, 2446, 256),
(2505, 2446, 248),
(2504, 2445, 213),
(2503, 2445, 171),
(2502, 2443, 239),
(2501, 2443, 166),
(2500, 2442, 207),
(2499, 2442, 206),
(2498, 2441, 170),
(2497, 2440, 241),
(2496, 2440, 209),
(2495, 2439, 168),
(2494, 2437, 211),
(2493, 2436, 202),
(2492, 2436, 254),
(2491, 2435, 241),
(2490, 2434, 211),
(2489, 2434, 161),
(2488, 2433, 235),
(2487, 2432, 205),
(2486, 2431, 255),
(2485, 2429, 172),
(2484, 2425, 211),
(2483, 2425, 169),
(2482, 2424, 243),
(2481, 2423, 161),
(2480, 2421, 200),
(2479, 2421, 206),
(2478, 2420, 169),
(2477, 2419, 243),
(2476, 2419, 248),
(2475, 2416, 198),
(2474, 2416, 212),
(2473, 2415, 240),
(2472, 2413, 206),
(2471, 2413, 202),
(2470, 2412, 210),
(2469, 2411, 199),
(2468, 2411, 202),
(2467, 2410, 243),
(2466, 2410, 208),
(2465, 2408, 164),
(2464, 2407, 236),
(2463, 2407, 234),
(2462, 2405, 170),
(2461, 2404, 169),
(2460, 2404, 171),
(2459, 2403, 240),
(2458, 2403, 211),
(2457, 2402, 247),
(2456, 2402, 207),
(2455, 2401, 199),
(2454, 2401, 241),
(2453, 2400, 209),
(2452, 2400, 239),
(2451, 2398, 253),
(2450, 2398, 202),
(2449, 2397, 212),
(2448, 2397, 172),
(2447, 2396, 161),
(2446, 2396, 238),
(2445, 2395, 251),
(2444, 2394, 235),
(2443, 2394, 213),
(2442, 2392, 204),
(2441, 2392, 243),
(2440, 2390, 204),
(2439, 2388, 171),
(2438, 2387, 254),
(2437, 2387, 239),
(2436, 2386, 212),
(2435, 2386, 203),
(2434, 2385, 240),
(2433, 2384, 160),
(2432, 2383, 209),
(2431, 2383, 204),
(2430, 2382, 250),
(2429, 2382, 207),
(2428, 2381, 200),
(2427, 2381, 200),
(2426, 2380, 198),
(2425, 2380, 252),
(2424, 2378, 162),
(2423, 2376, 210),
(2422, 2376, 168),
(2421, 2375, 161),
(2420, 2371, 166),
(2419, 2370, 251),
(2418, 2369, 198),
(2417, 2369, 170),
(2416, 2366, 209),
(2415, 2365, 207),
(2414, 2362, 198),
(2413, 2362, 251),
(2412, 2361, 251),
(2411, 2361, 211),
(2410, 2360, 204),
(2409, 2359, 211),
(2408, 2358, 207),
(2407, 2358, 238),
(2406, 2356, 206),
(2405, 2355, 206),
(2404, 2354, 207),
(2403, 2350, 256),
(2402, 2350, 209),
(2401, 2348, 243),
(2400, 2347, 248),
(2399, 2346, 161),
(2398, 2346, 201),
(2397, 2345, 199),
(2396, 2338, 240),
(2395, 2337, 165),
(2394, 2335, 201),
(2393, 2335, 236),
(2392, 2334, 160),
(2391, 2334, 244),
(2390, 2333, 203),
(2389, 2333, 250),
(2388, 2332, 209),
(2387, 2331, 255),
(2386, 2330, 211),
(2385, 2329, 160),
(2384, 2329, 160),
(2383, 2328, 206),
(2382, 2327, 247),
(2381, 2326, 198),
(2380, 2326, 205),
(2379, 2325, 201),
(2378, 2325, 250),
(2377, 2321, 204),
(2376, 2319, 201),
(2375, 2319, 206),
(2374, 2318, 162),
(2373, 2318, 203),
(2372, 2317, 256),
(2371, 2317, 244),
(2370, 2316, 202),
(2369, 2315, 251),
(2368, 2313, 201),
(2367, 2312, 234),
(2366, 2310, 169),
(2365, 2310, 167),
(2364, 2307, 161),
(2363, 2306, 243),
(2362, 2300, 210),
(2361, 2299, 240),
(2360, 2299, 211),
(2359, 2298, 208),
(2358, 2298, 159),
(2357, 2297, 210),
(2356, 2297, 255),
(2355, 2296, 162),
(2354, 2293, 247),
(2353, 2292, 171),
(2352, 2291, 247),
(2351, 2291, 201),
(2350, 2289, 201),
(2349, 2288, 253),
(2348, 2288, 198),
(2347, 2286, 207),
(2346, 2285, 240),
(2345, 2283, 241),
(2344, 2283, 202),
(2343, 2282, 252),
(2342, 2282, 209),
(2341, 2276, 160),
(2340, 2275, 213),
(2339, 2275, 240),
(2338, 2274, 204),
(2337, 2272, 210),
(2336, 2271, 212),
(2335, 2268, 162),
(2334, 2268, 172),
(2333, 2267, 171),
(2332, 2265, 161),
(2331, 2265, 240),
(2330, 2264, 206),
(2329, 2264, 198),
(2328, 2263, 238),
(2327, 2262, 163),
(2326, 2262, 251),
(2325, 2260, 203),
(2324, 2259, 212),
(2323, 2259, 251),
(2322, 2258, 202),
(2321, 2258, 159),
(2320, 2257, 209),
(2319, 2256, 251),
(2318, 2255, 254),
(2317, 2255, 202),
(2316, 2254, 239),
(2315, 2253, 204),
(2314, 2251, 235),
(2313, 2251, 207),
(2312, 2247, 202),
(2311, 2247, 241),
(2310, 2246, 203),
(2309, 2245, 205),
(2308, 2245, 243),
(2307, 2243, 250),
(2306, 2243, 255),
(2305, 2242, 161),
(2304, 2242, 208),
(2303, 2241, 210),
(2302, 2241, 247),
(2301, 2240, 256),
(2300, 2240, 160),
(2299, 2237, 206),
(2298, 2236, 163),
(2297, 2236, 234),
(2296, 2235, 208),
(2295, 2234, 200),
(2294, 2232, 161),
(2293, 2231, 202),
(2292, 2229, 256),
(2291, 2224, 209),
(2290, 2224, 240),
(2289, 2223, 199),
(2288, 2223, 170),
(2287, 2222, 200),
(2286, 2221, 253),
(2285, 2221, 201),
(2284, 2218, 208),
(2283, 2217, 242),
(2282, 2216, 198),
(2281, 2216, 169),
(2280, 2215, 203),
(2279, 2214, 159),
(2278, 2214, 241),
(2277, 2213, 235),
(2276, 2213, 207),
(2275, 2212, 162),
(2274, 2212, 212),
(2273, 2211, 200),
(2272, 2210, 200),
(2271, 2210, 250),
(2270, 2209, 199),
(2269, 2208, 199),
(2268, 2208, 212),
(2267, 2206, 198),
(2266, 2206, 241),
(2265, 2205, 212),
(2264, 2205, 213),
(2263, 2203, 234),
(2262, 2200, 207),
(2261, 2199, 209),
(2260, 2199, 203),
(2259, 2198, 203),
(2258, 2198, 244),
(2257, 2196, 207),
(2256, 2195, 236),
(2255, 2195, 206),
(2254, 2194, 254),
(2253, 2193, 203),
(2252, 2191, 172),
(2251, 2191, 236),
(2250, 2189, 168),
(2249, 2189, 204),
(2248, 2188, 161),
(2247, 2186, 161),
(2246, 2184, 210),
(2245, 2183, 235),
(2244, 2183, 171),
(2243, 2181, 248),
(2242, 2181, 256),
(2241, 2180, 206),
(2240, 2179, 166),
(2239, 2179, 206),
(2238, 2178, 168),
(2237, 2178, 164),
(2236, 2177, 208),
(2235, 2176, 252),
(2234, 2174, 247),
(2233, 2174, 204),
(2232, 2173, 211),
(2231, 2173, 169),
(2230, 2171, 206),
(2229, 2170, 207),
(2228, 2170, 198),
(2227, 2168, 200),
(2226, 2168, 207),
(2225, 2167, 244),
(2224, 2166, 210),
(2223, 2165, 235),
(2222, 2165, 245),
(2221, 2162, 206),
(2220, 2162, 248),
(2219, 2161, 253),
(2218, 2160, 203),
(2217, 2159, 245),
(2216, 2157, 172),
(2215, 2155, 199),
(2214, 2155, 254),
(2213, 2153, 160),
(2212, 2149, 212),
(2211, 2149, 245),
(2210, 2147, 164),
(2209, 2147, 213),
(2208, 2146, 198),
(2207, 2146, 199),
(2206, 2145, 204),
(2205, 2145, 164),
(2204, 2144, 208),
(2203, 2144, 167),
(2202, 2140, 169),
(2201, 2140, 210),
(2200, 2139, 252),
(2199, 2139, 211),
(2198, 2137, 163),
(2197, 2137, 206),
(2196, 2132, 239),
(2195, 2132, 161),
(2194, 2129, 253),
(2193, 2129, 172),
(2192, 2128, 243),
(2191, 2126, 203),
(2190, 2125, 159),
(2189, 2123, 160),
(2188, 2123, 248),
(2187, 2122, 199),
(2186, 2122, 208),
(2185, 2120, 243),
(2184, 2119, 252),
(2183, 2118, 235),
(2182, 2118, 206),
(2181, 2117, 204),
(2180, 2117, 245),
(2179, 2115, 251);

-- --------------------------------------------------------

--
-- Table structure for table `media_producer`
--

CREATE TABLE IF NOT EXISTS `media_producer` (
  `id` bigint(20) unsigned NOT NULL AUTO_INCREMENT,
  `media_id` bigint(20) unsigned NOT NULL,
  `person_id` bigint(20) unsigned NOT NULL,
  PRIMARY KEY (`id`)
) ENGINE=MyISAM  DEFAULT CHARSET=latin1 AUTO_INCREMENT=19 ;

--
-- Dumping data for table `media_producer`
--

INSERT INTO `media_producer` (`id`, `media_id`, `person_id`) VALUES
(18, 3078, 2049),
(17, 3077, 2048);

-- --------------------------------------------------------

--
-- Table structure for table `patron`
--

CREATE TABLE IF NOT EXISTS `patron` (
  `id` bigint(20) unsigned NOT NULL AUTO_INCREMENT,
  `address_id` bigint(20) unsigned NOT NULL,
  `name` varchar(100) NOT NULL,
  `phone` varchar(10) NOT NULL,
  `email` varchar(100) DEFAULT NULL,
  `barcode` varchar(14) NOT NULL,
  `birthday` date NOT NULL,
  `creation` datetime NOT NULL,
  `dues` double NOT NULL DEFAULT '0',
  PRIMARY KEY (`id`),
  KEY `first_name` (`barcode`)
) ENGINE=MyISAM  DEFAULT CHARSET=latin1 AUTO_INCREMENT=74 ;

--
-- Dumping data for table `patron`
--

INSERT INTO `patron` (`id`, `address_id`, `name`, `phone`, `email`, `barcode`, `birthday`, `creation`, `dues`) VALUES
(68, 14, 'Ryan Frick', '2193650774', 'ryanfrick@gmail.com', '2133730872265', '2010-02-03', '2010-02-03 20:29:55', 0),
(67, 20, 'Stephen Macnak', '2194472362', 'smacnak@gmail.com', '2133740105510', '2010-02-03', '2010-02-03 20:18:52', 0),
(66, 20, 'Jason Macnak', '2194473453', 'jmacnak@gmail.com', '2133758448807', '2010-02-03', '2010-02-03 20:03:24', 0),
(65, 19, 'Corey Homcho', '2192332636', 'corey.homcho@aol.com', '2133778144812', '2010-02-03', '2010-02-03 19:56:51', 0),
(61, 14, 'Michael Frick', '2193650412', 'frickster003@gmail.com', '2273530450523', '2010-02-03', '2010-02-03 11:49:56', 0),
(60, 28, 'Keegan Hernandez', '2197939705', 'dawnofdigital@gmail.com', '1020045', '2010-02-02', '2010-02-02 18:36:29', 0),
(69, 21, 'Samantha Gindl', '2196132814', 'sgindl219@gmail.com', '2133755207825', '2010-02-04', '2010-02-04 02:11:51', 0),
(70, 22, 'Bobby Cooley', '2193882342', 'mustashman@gmail.com', '2133771378353', '2010-02-04', '2010-02-04 02:12:57', 0),
(71, 23, 'Michael Scott', '5702313352', 'michaelscott@dundermiflin.com', '2133733756052', '2010-02-04', '2010-02-04 02:14:41', 0),
(72, 24, 'Jim Halpert', '5709293325', 'jimhalpert@dundermiflin.com', '2133762622822', '2010-02-04', '2010-02-04 02:15:29', 0),
(73, 13, 'Bill Gates', '2197939705', '', '2133774162771', '2010-02-04', '2010-02-04 17:22:42', 0);

-- --------------------------------------------------------

--
-- Table structure for table `person`
--

CREATE TABLE IF NOT EXISTS `person` (
  `id` bigint(20) NOT NULL AUTO_INCREMENT,
  `name` varchar(100) NOT NULL,
  PRIMARY KEY (`id`)
) ENGINE=MyISAM  DEFAULT CHARSET=latin1 AUTO_INCREMENT=2050 ;

--
-- Dumping data for table `person`
--

INSERT INTO `person` (`id`, `name`) VALUES
(1385, 'Peter De Vries'),
(1384, 'EM Delafield'),
(1383, 'Richmal Crompton'),
(1382, 'Edmund Crispin'),
(1381, 'Miguel de Cervantes'),
(1380, 'Joyce Cary'),
(1379, 'Leonora Carrington'),
(1378, 'JL Carr'),
(1377, 'Peter Carey'),
(1375, 'Malcolm Bradbury'),
(1376, 'Caryl Brahms and SJ Simon'),
(1374, 'William Boyd'),
(1373, 'WE Bowman'),
(1372, 'EF Benson'),
(1371, 'Alan Bennett'),
(1370, 'Saul Bellow'),
(1369, 'Max Beerbohm'),
(1368, 'Samuel Beckett'),
(1367, 'Himself: Being the Autobiography of a Really Good Man by Henry Howarth Bashford'),
(1366, 'Julian Barnes'),
(1365, 'Beryl Bainbridge'),
(1364, 'Martin Amis'),
(1363, 'Kingsley Amis'),
(1939, 'Andrew O''Hagan'),
(1938, 'Frank Norris'),
(1937, 'Alberto Moravia'),
(1936, 'Guy de Maupassant'),
(1935, 'Alessandro Manzoni'),
(1934, 'David Malouf'),
(1933, 'Julian Maclaren-Ross'),
(1932, 'Joaquim Maria Machado de Assis'),
(1931, 'John McGahern'),
(1930, 'Mary McCarthy'),
(1929, 'Colin MacInnes'),
(1928, 'Sinclair Lewis'),
(1927, 'Nella Larsen'),
(1926, 'Philip Larkin'),
(1925, 'Giuseppi di Lampedusa'),
(1924, 'James Kelman'),
(1923, 'Ismael Kadare'),
(1922, 'Victor Hugo'),
(1921, 'Winifred Holtby'),
(1919, 'Walter Greenwood'),
(1920, 'Barry Hines'),
(1918, 'Alastair Gray'),
(1917, 'Maxim Gorky'),
(1916, 'Nadine Gordimer'),
(1915, 'George Gissing'),
(1914, 'William Gaddis'),
(1913, 'Jonathan Franzen'),
(1912, 'Theodore Fontane'),
(1911, 'Ralph Ellison'),
(1910, 'Theodor Dreiser'),
(1909, 'John Dos Passos'),
(1908, 'EL Doctorow'),
(1907, 'Alfred Döblin'),
(1906, 'Benjamin Disraeli'),
(1905, 'Joan Didion'),
(1904, 'Don DeLillo'),
(1903, 'JM Coeztee'),
(1902, 'JM Coetzee'),
(1901, 'Jonathan Coe'),
(1900, 'Alejo Carpentier'),
(1899, 'Erskine Caldwell'),
(1898, 'Andre Brink'),
(1897, 'John Braine'),
(1896, 'Aphra Behn'),
(1895, 'Harriet Beecher Stowe'),
(1894, 'Stan Barstow'),
(1893, 'Miklos Banffy'),
(1892, 'Mulk Raj Anand'),
(1891, 'Chinua Achebe'),
(1890, 'Yevgeny Zamyatin'),
(1889, 'John Wyndham'),
(1888, 'Gene Wolfe'),
(1887, 'TH White'),
(1886, 'Sylvia Townsend Warner'),
(1885, 'Robert Walser'),
(1884, 'Horace Walpole'),
(1883, 'JRR Tolkien'),
(1882, 'Rupert Thomson'),
(1881, 'Bram Stoker'),
(1880, 'Robert Louis Stevenson'),
(1879, 'Neal Stephenson'),
(1878, 'Olaf Stapledon'),
(1877, 'Dan Simmons'),
(1876, 'Mary Shelley'),
(1875, 'Jose Saramago'),
(1874, 'Antoine de Saint-Exupery'),
(1873, 'Geoff Ryman'),
(1872, 'Joanna Russ'),
(1871, 'Salman Rushdie'),
(1870, 'JK Rowling'),
(1869, 'Kim Stanley Robinson'),
(1868, 'Alastair Reynolds'),
(1867, 'Ann Radcliffe'),
(1866, 'Francois Rabelais'),
(1865, 'Philip Pullman'),
(1864, 'Christopher Priest'),
(1863, 'Terry Pratchett'),
(1862, 'John Cowper Powys'),
(1861, 'Frederik Pohl and CM Kornbluth'),
(1860, 'Mervyn Peake'),
(1859, 'Thomas Love Peacock'),
(1858, 'Chuck Palahniuk'),
(1857, 'George Orwell'),
(1856, 'Ben Okri'),
(1855, 'Jeff Noon'),
(1854, 'Larry Niven'),
(1853, 'Audrey Niffenegger'),
(1852, 'William Morris'),
(1851, 'Michael Moorcock'),
(1850, 'David Mitchell'),
(1849, 'Walter M Miller Jr'),
(1848, 'Andrew Miller'),
(1847, 'China Mieville'),
(1846, 'Jed Mercurio'),
(1845, 'Patrick McCabe'),
(1844, 'Charles Maturin'),
(1843, 'Richard Matheson'),
(1842, 'Michael Marshall Smith'),
(1841, 'Hilary Mantel'),
(1840, 'Ken Macleod'),
(1839, 'David Lindsay'),
(1838, 'Matthew Lewis'),
(1837, 'CS Lewis'),
(1836, 'Stanislaw Lem'),
(1835, 'Ursula Le Guin'),
(1834, 'Joseph Sheridan Le Fanu'),
(1833, 'Marghanita Laski'),
(1832, 'Daniel Keyes'),
(1831, 'Gwyneth Jones'),
(1830, 'Richard Jefferies'),
(1829, 'Shirley Jackson'),
(1828, 'Michel Houellebecq'),
(1827, 'James Hogg'),
(1826, 'Russell Hoban'),
(1825, 'Frank L Herbert'),
(1824, 'Robert A Heinlein'),
(1823, 'M John Harrison'),
(1822, 'Joe Haldeman'),
(1821, 'William Golding'),
(1820, 'Charlotte Perkins Gilman'),
(1819, 'William Gibson'),
(1818, 'Alan Garner'),
(1816, 'Michel Faber'),
(1817, 'Neil Gaiman'),
(1815, 'Thomas M Disch'),
(1814, 'Philip K Dick'),
(1813, 'Samuel R Delaney'),
(1812, 'Marie Darrieussecq'),
(1811, 'Mark Danielewski'),
(1810, 'Douglas Coupland'),
(1809, 'Michael G Coney'),
(1808, 'Susanna Clarke'),
(1807, 'Arthur C Clarke'),
(1806, 'GK Chesterton'),
(1805, 'Michael Chabon'),
(1804, 'Lewis Carroll'),
(1803, 'Ramsey Campbell'),
(1802, 'Italo Calvino'),
(1801, 'Octavia Butler'),
(1800, 'William Burroughs'),
(1799, 'Edgar Rice Burroughs'),
(1798, 'Anthony Burgess'),
(1797, 'EGEL Bulwer-Lytton'),
(1796, 'Mikhail Bulgakov'),
(1795, 'Algis Budrys'),
(1794, 'Charles Brockden Brown'),
(1793, 'Poppy Z Brite'),
(1792, 'Ray Bradbury'),
(1791, 'Alfred Bester'),
(1790, 'William Beckford'),
(1789, 'Greg Bear'),
(1788, 'Stephen Baxter'),
(1787, 'Nicola Barker'),
(1786, 'Clive Barker'),
(1785, 'Iain M Banks'),
(1784, 'JG Ballard'),
(1783, 'Isaac Asimov'),
(1782, 'Brian W Aldiss'),
(1781, 'Douglas Adams'),
(1780, 'Richard Yates'),
(1779, 'Ellen Wood'),
(1778, 'Edith Wharton'),
(1777, 'Charles Webb'),
(1776, 'Anne Tyler'),
(1775, 'Rose Tremain'),
(1774, 'Leo Tolstoy'),
(1773, 'Junichiro Tanizaki'),
(1772, 'Graham Swift'),
(1771, 'Jacqueline Susann'),
(1770, 'Ahdaf Soueif'),
(1769, 'Dodie Smith'),
(1768, 'Elizabeth Smart'),
(1767, 'Eric Segal'),
(1766, 'Aara Seale'),
(1765, 'Benhardq Schlink'),
(1764, 'James Salter'),
(1763, 'Kurban Said'),
(1762, 'Francoise Sagan'),
(1761, 'Marilynne Robinson'),
(1760, 'Samuel Richardson'),
(1759, 'Jean Rhys'),
(1758, 'Abbe Prevost'),
(1757, 'Boris Pasternak'),
(1756, 'Michael Ondaatje'),
(1755, 'Cees Nooteboom'),
(1754, 'Anais Nin'),
(1753, 'RK Narayan'),
(1752, 'Haruki Murakami'),
(1751, 'Elsa Morante'),
(1750, 'Nancy Mitford'),
(1749, 'Margaret Mitchell'),
(1748, 'Isabel Miller'),
(1747, 'Henry Miller'),
(1746, 'Somerset Maugham'),
(1745, 'Gabriel Garcia Marquez'),
(1744, 'Javier Marias'),
(1743, 'Dacia Maraini'),
(1742, 'Amin Maalouf'),
(1741, 'Alison Lurie'),
(1740, 'Audre Lorde'),
(1739, 'Anita Loos'),
(1738, 'Pierre-Ambroise-Francois Choderlos de Laclos'),
(1737, 'Milan Kundera'),
(1736, 'Pamela Kent'),
(1735, 'Nikos Kazantzakis'),
(1734, 'Mary Margaret Kaye'),
(1733, 'Yasunari Kawabata'),
(1732, 'Elfriede Jelinek'),
(1731, 'Kazuo Ishiguro'),
(1730, 'Aldous Huxley'),
(1729, 'Zora Neale Hurston'),
(1728, 'WH Hudson'),
(1727, 'Alan Hollinghurst'),
(1726, 'Georgette Heyer'),
(1725, 'Shirley Hazzard'),
(1724, 'Nathaniel Hawthorne'),
(1723, 'Thomas Hardy'),
(1722, 'Radclyffe Hall'),
(1721, 'Henry Green'),
(1720, 'Johann Wolfgang Goethe'),
(1719, 'Lewis Grassic Gibbon'),
(1718, 'Paul Gallico'),
(1717, 'John Fowles'),
(1716, 'Ford Madox Ford'),
(1715, 'Penelope Fitzgerald'),
(1714, 'F Scott Fitzgerald'),
(1713, 'George Eliot'),
(1712, 'Marguerite Duras'),
(1711, 'Madame de Lafayette'),
(1710, 'Sidonie-Gabrielle Collette'),
(1709, 'Truman Capote'),
(1708, 'AS Byatt'),
(1707, 'Rita Mae Brown'),
(1706, 'Anita Brookner'),
(1705, 'Emily Bronte'),
(1704, 'Charlotte Bronte'),
(1703, 'Elizabeth Bowen'),
(1702, 'RD Blackmore'),
(1701, 'HE Bates'),
(1700, 'Giorgio Bassani'),
(1699, 'Djuna Barnes'),
(1698, 'James Baldwin'),
(1697, 'Jane Austen'),
(1696, 'Maria Machado de Assis'),
(1695, 'Henri Alain-Fournier'),
(1694, 'Johann David Wyss'),
(1693, 'Virginia Woolf'),
(1692, 'Gerard Woodward'),
(1691, 'Jeanette Winterson'),
(1690, 'Oscar Wilde'),
(1689, 'Patrick White'),
(1688, 'Antonia White'),
(1687, 'Rebecca West'),
(1686, 'Alan Warner'),
(1685, 'Chris Ware'),
(1684, 'Alice Walker'),
(1683, 'Miguel de Unamuno'),
(1682, 'Ivan Turgenev'),
(1681, 'William Trevor'),
(1680, 'Colm Toibin'),
(1679, 'Flora Thompson'),
(1678, 'Elizabeth Taylor'),
(1677, 'Italo Svevo'),
(1676, 'Noel Streatfield'),
(1675, 'Christina Stead'),
(1674, 'Zadie Smith'),
(1673, 'Isaac Bashevis Singer'),
(1672, 'May Sinclair'),
(1671, 'Lionel Shriver'),
(1670, 'Carol Shields'),
(1669, 'Vikram Seth'),
(1668, 'Cora Sandel'),
(1667, 'JD Salinger'),
(1666, 'Arundhati Roy'),
(1665, 'Jean-Jacques Rousseau'),
(1664, 'Henry Roth'),
(1663, 'Henry Handel Richardson'),
(1662, 'Dorothy Richardson'),
(1661, 'Piers Paul Read'),
(1660, 'Marcel Proust'),
(1659, 'E Annie Proulx'),
(1658, 'JB Priestley'),
(1657, 'Chaim Potok'),
(1656, 'Sylvia Plath'),
(1655, 'Walker Percy'),
(1654, 'Kezaburo Oe'),
(1653, 'Flann O''Brien'),
(1652, 'VS Naipaul'),
(1651, 'Robert Musil'),
(1650, 'Alice Munro'),
(1649, 'Toni Morrison'),
(1648, 'Brian Moore'),
(1647, 'Timothy Mo'),
(1646, 'Rohinton Mistry'),
(1645, 'George Meredith'),
(1644, 'FM Mayor'),
(1643, 'William Maxwell'),
(1642, 'Thomas Mann'),
(1641, 'Bernard Malamud'),
(1640, 'Naguib Mahfouz'),
(1639, 'Carson McCullers'),
(1638, 'Malcolm Lowry'),
(1637, 'Jack London'),
(1636, 'Richard Llewellyn'),
(1635, 'Doris Lessing'),
(1634, 'Rosamond Lehmann'),
(1633, 'Laurie Lee'),
(1632, 'DH Lawrence'),
(1631, 'Hanif Kureishi'),
(1630, 'Ken Kesey'),
(1629, 'Yasar Kemal'),
(1628, 'Molly Keane'),
(1627, 'BS Johnson'),
(1626, 'Elizabeth Jenkins'),
(1625, 'Henry James'),
(1624, 'John Irving'),
(1623, 'Thomas Hughes'),
(1622, 'Paul Hornschemeier'),
(1621, 'Hermann Hesse'),
(1619, 'Ernest Hemingway'),
(1620, 'Herman Hesse'),
(1618, 'LP Hartley'),
(1617, 'Knut Hamsun'),
(1616, 'Oliver Goldsmith'),
(1615, 'Andre Gide'),
(1614, 'Elizabeth Gaskell'),
(1613, 'John Galsworthy'),
(1612, 'Esther Freud'),
(1611, 'EM Forster'),
(1610, 'Richard Ford'),
(1609, 'Jeffrey Eugenides'),
(1608, 'Anne Enright'),
(1607, 'Shusaku Endo'),
(1606, 'Gerald Durrell'),
(1605, 'Margaret Drabble'),
(1604, 'Julie Doucet'),
(1603, 'Daniel Defoe'),
(1602, 'Simone de Beauvoir'),
(1601, 'Jim Crace'),
(1600, 'Ivy Compton-Burnett'),
(1599, 'Sidonie-Gabrielle Colette'),
(1598, 'Jean Cocteau'),
(1597, 'Kate Chopin'),
(1596, 'John Cheever'),
(1595, 'Willa Cather'),
(1594, 'Angela Carter'),
(1593, 'Albert Camus'),
(1592, 'Ron Butlin'),
(1591, 'Samuel Butler'),
(1590, 'Fanny Burney'),
(1588, 'Jane Bowles'),
(1589, 'Hermann Broch'),
(1587, 'Thomas Bernhard'),
(1586, 'John Berger'),
(1585, 'Arnold Bennett'),
(1584, 'Sybille Bedford'),
(1583, 'Alison Bechdel'),
(1582, 'Lynne Reid Banks'),
(1581, 'Iain Banks'),
(1580, 'Honore de Balzac'),
(1579, 'Nicholson Baker'),
(1578, 'David B'),
(1577, 'Margaret Atwood'),
(1576, 'Kate Atkinson'),
(1575, 'Louisa May Alcott'),
(1574, 'Kobo Abe'),
(1573, 'Emile Zola'),
(1572, 'Richard Wright'),
(1571, 'Sarah Waters'),
(1570, 'Edgar Wallace'),
(1569, 'Barbara Vine'),
(1568, 'Jim Thompson'),
(1567, 'Josephine Tey'),
(1566, 'Donna Tartt'),
(1565, 'Patrick Suskind'),
(1564, 'Rex Stout'),
(1563, 'John Steinbeck'),
(1562, 'Martin Cruz Smith'),
(1561, 'Maj Sjowall and Per Wahloo'),
(1560, 'Georges Simenon'),
(1559, 'Dorothy Le Sayers'),
(1558, 'Dorothy L Sayers'),
(1557, 'CJ Sansom'),
(1556, 'Ruth Rendell'),
(1555, 'Ian Rankin'),
(1554, 'Thomas Pynchon'),
(1553, 'Mario Puzo'),
(1552, 'Richard Price'),
(1551, 'George Pelecanos'),
(1550, 'David Peace'),
(1549, 'Sara Paretsky'),
(1548, 'Orhan Pamuk'),
(1547, 'E Phillips Oppenheim'),
(1546, 'Walter Mosley'),
(1545, 'Henning Mankell'),
(1544, 'Ian McEwan'),
(1543, 'Cormac McCarthy'),
(1542, 'Ed McBain'),
(1541, 'Robert Ludlum'),
(1540, 'Jonathan Lethem'),
(1539, 'Elmore Leonard'),
(1538, 'Harper Lee'),
(1537, 'John le Carre'),
(1536, 'Rudyard Kipling'),
(1535, 'Stephen King'),
(1534, 'Harry Kemelman'),
(1533, 'PD James'),
(1532, 'Michael Innes'),
(1531, 'Arnadur Indridason'),
(1530, 'Francis Iles'),
(1529, 'Geoffrey Household'),
(1528, 'Peter Hoeg'),
(1527, 'Chester Himes'),
(1526, 'Reginald Hill'),
(1525, 'Patricia Highsmith'),
(1524, 'George V Higgins'),
(1523, 'Carl Hiaasen'),
(1522, 'Thomas Harris'),
(1521, 'Robert Harris'),
(1520, 'Dashiell Hammett'),
(1519, 'Patrick Hamilton'),
(1518, 'John Grisham'),
(1517, 'Frederick Forsyth'),
(1516, 'Ian Fleming'),
(1515, 'William Faulkner'),
(1514, 'RJ Ellory'),
(1513, 'James Ellroy'),
(1512, 'Bret Easton Ellis'),
(1511, 'Umberto Eco'),
(1510, 'José Maria de Eça de Queiroz'),
(1509, 'Friedrich Durrenmatt'),
(1508, 'Alexandre Dumas'),
(1507, 'Daphne du Maurier'),
(1506, 'Theodore Dreiser'),
(1505, 'Fyodor Dostoevsky'),
(1504, 'Michael Dibdin'),
(1503, 'Colin Dexter'),
(1502, 'Len Deighton'),
(1501, 'Amanda Cross'),
(1500, 'Michael Crichton'),
(1499, 'Patricia Cornwell'),
(1498, 'Joseph Conrad'),
(1497, 'Richard Condon'),
(1496, 'Arthur Conan Doyle'),
(1495, 'Wilkie Collins'),
(1494, 'Agatha Christie'),
(1493, 'Erskine Childers'),
(1492, 'James Hadley Chase'),
(1491, 'Raymond Chandler'),
(1490, 'John Dickson Carr'),
(1489, 'James M Cain'),
(1488, 'WR Burnett'),
(1487, 'John Buchan'),
(1486, 'James Lee Burke'),
(1485, 'Mary E Braddon'),
(1484, 'Nicholas Blake'),
(1483, 'Anthony Berkeley'),
(1482, 'EC Bentley'),
(1481, 'Paul Auster'),
(1480, 'Eric Ambler'),
(1479, 'Marcel Allain and Pierre Souvestre'),
(1478, 'Nelson Algren'),
(1477, 'PG Wodehouse'),
(1476, 'Angus Wilson'),
(1475, 'Nigel Williams'),
(1474, 'Geoffrey Willans and Ronald Searle'),
(1473, 'HG Wells'),
(1472, 'Fay Weldon'),
(1471, 'Evelyn Waugh'),
(1470, 'David Foster Wallace'),
(1469, 'Kurt Vonnegut'),
(1468, 'John Updike'),
(1467, 'Mark Twain'),
(1466, 'Kilgore Trout'),
(1465, 'Anthony Trollope'),
(1464, 'John Kennedy Toole'),
(1463, 'Leslie Thomas'),
(1462, 'Angela Thirkell'),
(1461, 'William Makepeace Thackeray'),
(1460, 'Booth Tarkington'),
(1459, 'Jonathan Swift'),
(1458, 'RS Surtees'),
(1457, 'Mike Stocks'),
(1456, 'Laurence Sterne'),
(1455, 'Muriel Spark'),
(1454, 'Tobias Smollett'),
(1453, 'Thorne Smith'),
(1452, 'Jane Smiley'),
(1451, 'Charles Simmons'),
(1450, 'Wilfrid Sheed'),
(1449, 'Tom Sharpe'),
(1448, 'Will Self'),
(1447, 'Ronald Searle'),
(1446, 'Saki'),
(1445, 'Philip Roth'),
(1444, 'Simon Raven'),
(1443, 'Mordecai Richler'),
(1442, 'Raymond Queneau'),
(1441, 'Barbara Pym'),
(1440, 'Dawn Powell'),
(1439, 'Anthony Powell'),
(1438, 'Robert Plunkett'),
(1437, 'Georges Perec'),
(1436, 'Victor Pelevin'),
(1435, 'Shiva Naipaul'),
(1434, 'Vladimir Nabokov'),
(1433, 'Iris Murdoch'),
(1432, 'John Mortimer'),
(1431, 'Magnus Mills'),
(1430, 'Spike Milligan'),
(1429, 'Jay McInerney'),
(1428, 'Armistead Maupin'),
(1427, 'W Somerset Maugham'),
(1426, 'David Madsen'),
(1425, 'Compton Mackenzie'),
(1424, 'AG Macdonell'),
(1423, 'Rose Macaulay'),
(1422, 'David Lodge'),
(1421, 'John Lanchester'),
(1420, 'Andrey Kurkov'),
(1419, 'Garrison Keillor'),
(1418, 'Franz Kafka'),
(1417, 'James Joyce'),
(1416, 'Jerome K Jerome'),
(1415, 'Randall Jarrell'),
(1414, 'Jacobson'),
(1413, 'Christopher Isherwood'),
(1412, 'James Hynes'),
(1411, 'Bohumil Hrabal'),
(1410, 'Nick Hornby'),
(1409, 'Eric Hodgkins'),
(1408, 'Joseph Heller'),
(1407, 'Mark Haddon'),
(1406, 'Giovanni Guareschi'),
(1405, 'George Grossmith'),
(1404, 'Graham Greene'),
(1403, 'Michael Green'),
(1402, 'Richard Greaves (George Barr McCutcheon)'),
(1401, 'Kenneth Grahame'),
(1400, 'Ivan Goncharov'),
(1399, 'Nikolai Gogol'),
(1398, 'Stella Gibbons'),
(1397, 'William Gerhardie'),
(1396, 'Michael Frayn'),
(1395, 'Gustave Flaubert'),
(1394, 'Ronald Firbank'),
(1393, 'Henry Fielding'),
(1392, 'Helen Fielding'),
(1391, 'Willem Elsschot'),
(1390, 'Maria Edgeworth'),
(1389, 'Roddy Doyle'),
(1388, 'JP Donleavy'),
(1387, 'Denis Diderot'),
(1386, 'Charles Dickens'),
(1940, 'Paolo Pasolini'),
(1941, 'Alan Paton'),
(1942, 'Cesare Pavese'),
(1943, 'Joseph Roth'),
(1944, 'Leonardo Sciascia'),
(1945, 'Paul Scott'),
(1946, 'Hubert Selby Jr'),
(1947, 'Samuel Selvon'),
(1948, 'Ousmane Sembene'),
(1949, 'Victor Serge'),
(1950, 'Lao She'),
(1951, 'Alan Sillitoe'),
(1952, 'Upton Sinclair'),
(1953, 'Stevie Smith'),
(1954, 'Alexandr Solzhenitsyn'),
(1955, 'Stendhal'),
(1956, 'David Storey'),
(1957, 'August Stringberg'),
(1958, 'Rabindranath Tagore'),
(1959, 'Robert Tressell'),
(1960, 'Vassilis Vassilikos'),
(1961, 'Keith Waterhouse'),
(1962, 'Irvine Welsh'),
(1963, 'Nathanael West'),
(1964, 'Tom Wolfe'),
(1965, 'Junghyo Ahn'),
(1966, 'Richard Aldington'),
(1967, 'Nigel Balchin'),
(1968, 'Pat Barker'),
(1969, 'Sebastian Barry'),
(1970, 'Nina Bawden'),
(1971, 'Roberto Bolano'),
(1972, 'Paul Bowles'),
(1973, 'Raymond Briggs'),
(1974, 'Elias Canetti'),
(1975, 'Louis-Ferdinand Celine'),
(1976, 'Wu Ch''eng-en'),
(1977, 'Bernard Cornwell'),
(1978, 'Francis Coventry'),
(1979, 'Stephen Crane'),
(1980, 'James Dickey'),
(1981, 'Norman Douglas'),
(1982, 'Lawrence Durrell'),
(1983, 'William Eastlake'),
(1984, 'JG Farrell'),
(1985, 'Sebastian Faulks'),
(1986, 'CS Forester'),
(1987, 'George MacDonald Fraser'),
(1988, 'Charles Frazier'),
(1989, 'Alex Garland'),
(1990, 'Rene Goscinny'),
(1991, 'Gunter Grass'),
(1992, 'Robert Graves'),
(1993, 'Vassily Grossman'),
(1994, 'Rawi Hage'),
(1995, 'H Rider Haggard'),
(1996, 'John Harris'),
(1997, 'Jaroslav Hasek'),
(1998, 'Anthony Hope'),
(1999, 'Khaled Hosseini'),
(2000, 'Richard Hughes'),
(2001, 'Samuel Johnson'),
(2002, 'James Jones'),
(2003, 'MacKinlay Kantor'),
(2004, 'Thomas Keneally'),
(2005, 'AL Kennedy'),
(2006, 'Jack Kerouac'),
(2007, 'Arthur Koestler'),
(2008, 'Jerzy Kosinski'),
(2009, 'Primo Levi'),
(2010, 'Alistair MacLean'),
(2011, 'Johnston McCulley'),
(2012, 'Larry McMurty'),
(2013, 'Norman Mailer'),
(2014, 'Andre Malraux'),
(2015, 'Olivia Manning'),
(2016, 'Frederick Marryat'),
(2017, 'Herman Melville'),
(2018, 'James Michener'),
(2019, 'Nicholas Monsarrat'),
(2020, 'Irene Nemirovsky'),
(2021, 'Bao Ninh'),
(2022, 'Patrick O''Brian'),
(2023, 'Tim O''Brien'),
(2024, 'Baroness Emmuska Orczy'),
(2025, 'Robert Pirsig'),
(2026, 'Rudolp Erich Raspe'),
(2027, 'Erich Maria Remarque'),
(2028, 'Georges Remi Herge'),
(2029, 'Joao Guimaraes Rosa'),
(2030, 'Rafael Sabatini'),
(2031, 'Jonathon Safran Foer'),
(2032, 'Sir Walter Scott'),
(2033, 'WG Sebald'),
(2034, 'Anna Sewell'),
(2035, 'Irwin Shaw'),
(2036, 'Nevil Shute'),
(2037, 'Art Spiegelman'),
(2038, 'Neil Stephenson'),
(2039, 'Lawrence Sterne'),
(2040, 'Robert Stone'),
(2041, 'William Styron'),
(2042, 'Jules Verne'),
(2043, 'Gore Vidal'),
(2044, 'Voltaire'),
(2045, 'Robert Westall'),
(2046, 'Owen Wister'),
(2047, 'Herman Wouk'),
(2048, ''),
(2049, 'Mel Gibson');

-- --------------------------------------------------------

--
-- Table structure for table `transaction`
--

CREATE TABLE IF NOT EXISTS `transaction` (
  `id` bigint(20) unsigned NOT NULL AUTO_INCREMENT,
  `patron_id` bigint(20) unsigned NOT NULL,
  `media_id` bigint(20) unsigned NOT NULL,
  `library_id` bigint(20) unsigned NOT NULL,
  `type` enum('in','out','renew') NOT NULL,
  `transaction_date` datetime NOT NULL,
  `checkout_date` date NOT NULL,
  `due_date` date NOT NULL,
  PRIMARY KEY (`id`),
  KEY `patron_id` (`patron_id`,`media_id`)
) ENGINE=MyISAM  DEFAULT CHARSET=latin1 AUTO_INCREMENT=145 ;

--
-- Dumping data for table `transaction`
--

INSERT INTO `transaction` (`id`, `patron_id`, `media_id`, `library_id`, `type`, `transaction_date`, `checkout_date`, `due_date`) VALUES
(101, 68, 2082, 1, 'out', '2010-02-04 02:49:23', '2010-02-04', '2010-02-18'),
(103, 68, 2084, 1, 'out', '2010-02-04 02:49:23', '2010-02-04', '2010-02-18'),
(105, 68, 2086, 1, 'out', '2010-02-04 02:49:24', '2010-02-04', '2010-02-18'),
(104, 68, 2085, 1, 'out', '2010-02-04 02:49:23', '2010-02-04', '2010-02-18'),
(107, 68, 2081, 1, 'in', '2010-02-04 02:50:49', '2010-02-04', '2010-02-18'),
(106, 68, 2082, 1, 'in', '2010-02-04 02:50:49', '2010-02-04', '2010-02-18'),
(132, 60, 3043, 1, 'out', '2010-02-04 21:27:28', '2010-02-04', '2010-01-27'),
(135, 60, 3046, 1, 'in', '2010-02-04 22:22:50', '2010-02-04', '2010-02-18'),
(133, 60, 3043, 1, 'in', '2010-02-04 22:22:50', '2010-02-04', '2010-01-27'),
(142, 60, 2117, 1, 'in', '2010-02-28 14:34:10', '2010-02-28', '2010-03-14'),
(143, 60, 2118, 1, 'out', '2010-02-28 14:36:55', '2010-02-28', '2010-03-14'),
(131, 60, 3045, 1, 'out', '2010-02-04 21:27:28', '2010-02-04', '2010-02-18'),
(141, 60, 2117, 1, 'out', '2010-02-28 14:33:52', '2010-02-28', '2010-03-14'),
(140, 65, 2119, 1, 'out', '2010-01-05 11:52:04', '2010-01-10', '2010-01-24'),
(139, 65, 2120, 1, 'out', '2010-01-05 11:52:03', '2010-01-10', '2010-01-24'),
(138, 66, 2123, 1, 'out', '2010-01-05 11:51:19', '2010-01-05', '2010-01-19'),
(119, 72, 2086, 1, 'in', '2010-02-04 02:57:36', '2010-02-04', '2010-02-18'),
(118, 72, 2086, 1, 'out', '2010-02-04 02:56:56', '2010-02-04', '2010-02-18'),
(117, 67, 2083, 1, 'in', '2010-02-04 02:53:40', '2010-02-04', '2010-02-18'),
(113, 67, 2084, 1, 'out', '2010-02-04 02:53:23', '2010-02-04', '2010-02-18'),
(112, 67, 2083, 1, 'out', '2010-02-04 02:53:22', '2010-02-04', '2010-02-18'),
(114, 67, 2086, 1, 'out', '2010-02-04 02:53:23', '2010-02-04', '2010-02-18'),
(111, 68, 2086, 1, 'in', '2010-02-04 02:50:50', '2010-02-04', '2010-02-18'),
(108, 68, 2083, 1, 'in', '2010-02-04 02:50:50', '2010-02-04', '2010-02-18'),
(109, 68, 2084, 1, 'in', '2010-02-04 02:50:50', '2010-02-04', '2010-02-18'),
(110, 68, 2085, 1, 'in', '2010-02-04 02:50:50', '2010-02-04', '2010-02-18'),
(137, 66, 2124, 1, 'out', '2010-01-05 11:51:19', '2010-01-05', '2010-01-19'),
(144, 60, 2118, 1, 'in', '2010-02-28 14:37:13', '2010-02-28', '2010-03-14'),
(102, 68, 2083, 1, 'out', '2010-02-04 02:49:23', '2010-02-04', '2010-02-18'),
(100, 68, 2081, 1, 'out', '2010-02-04 02:49:23', '2010-02-04', '2010-02-18'),
(130, 60, 3046, 1, 'out', '2010-02-04 21:27:28', '2010-02-04', '2010-02-18'),
(134, 60, 3045, 1, 'in', '2010-02-04 22:22:50', '2010-02-04', '2010-02-18'),
(128, 67, 3070, 1, 'out', '2010-01-06 10:01:58', '2010-01-06', '2010-01-20'),
(129, 67, 3070, 1, 'in', '2010-02-04 15:51:29', '2010-01-06', '2010-01-20'),
(122, 71, 2085, 1, 'in', '2010-02-04 03:03:01', '2010-02-04', '2010-02-18'),
(120, 71, 2085, 1, 'out', '2010-02-04 03:01:39', '2010-02-04', '2010-02-18'),
(116, 67, 2084, 1, 'in', '2010-02-04 02:53:40', '2010-02-04', '2010-02-18'),
(136, 67, 2125, 1, 'out', '2010-01-05 11:50:53', '2010-01-05', '2010-01-19'),
(115, 67, 2084, 1, 'in', '2010-02-04 02:53:39', '2010-02-04', '2010-02-18');

-- --------------------------------------------------------

--
-- Table structure for table `type`
--

CREATE TABLE IF NOT EXISTS `type` (
  `id` bigint(20) unsigned NOT NULL AUTO_INCREMENT,
  `name` varchar(50) NOT NULL,
  PRIMARY KEY (`id`)
) ENGINE=MyISAM  DEFAULT CHARSET=latin1 AUTO_INCREMENT=4 ;

--
-- Dumping data for table `type`
--

INSERT INTO `type` (`id`, `name`) VALUES
(1, 'Literature'),
(2, 'Music'),
(3, 'Cinema');

-- --------------------------------------------------------

--
-- Table structure for table `user`
--

CREATE TABLE IF NOT EXISTS `user` (
  `id` bigint(20) NOT NULL AUTO_INCREMENT,
  `library_id` bigint(20) NOT NULL,
  `username` varchar(50) NOT NULL,
  `password` char(40) NOT NULL,
  `salt` char(10) NOT NULL,
  `administrator` tinyint(1) NOT NULL,
  PRIMARY KEY (`id`)
) ENGINE=MyISAM  DEFAULT CHARSET=latin1 AUTO_INCREMENT=11 ;

--
-- Dumping data for table `user`
--

INSERT INTO `user` (`id`, `library_id`, `username`, `password`, `salt`, `administrator`) VALUES
(5, 1, 'librarian', '313f8a127a985025971752cbdeb1aedd3e1da221', '7RWZ4LTOU9', 0),
(10, 1, 'administrator', '612c09a14c29102ec2c869e3f4f3bebd6c99dd9e', 'CBJEITZC87', 1),
(9, 1, 'me', 'efbb5b550b9cc28f8dc8198ba2d25c12fd89ef59', 'FKO6LJ40AY', 1);
